topic_id,unit_id,chapter,topic,packet,main_scope,advanced_scope,neet_scope,source_refs,diagram_need,current_evidence,existing_seed,required_variants,acceptance_tests,dependencies
chemistry|1|matter-and-daltons-atomic-theory,chemistry|1,Some Basic Concepts in Chemistry,"Matter and its nature, and Dalton's atomic theory",C-01a,listed,listed,listed,J-PDF p. 7 U1; A-PDF p. 1 General topics; N-PDF p. 9 U1,conditional,topic audit pending,candidate formula.ts / elements.ts (species counts/masses only),Atom versus molecule versus element/compound; pure substances versus mixtures; source-specified particle counts and Dalton postulates.,Count each species and element independently; conserve atoms in a stated change; reject a particle sketch that depicts a compound as a mixture; pure postulate recall may be text-only.,S0
chemistry|1|measurement-and-significant-figures,chemistry|1,Some Basic Concepts in Chemistry,"Physical quantities and their measurement in chemistry: precision, accuracy, significant figures, SI units, and dimensional analysis",C-01a,supplemental,supplemental,supplemental,J-PDF p. 7 U1; A-PDF p. 1 General topics; N-PDF p. 9 U1,conditional,topic audit pending,none,Precision versus accuracy from repeated chemical measurements; significant-figure arithmetic; SI conversion and dimensional checks. This standalone chemistry heading is not enumerated in the three chemistry baselines.,Recompute mean/error and significant-figure rounding from observations; require dimensionally consistent units; reject false extra precision or an invented instrument reading.,S0; S5
chemistry|1|laws-of-chemical-combination,chemistry|1,Some Basic Concepts in Chemistry,Laws of chemical combination,C-01a,listed,application,listed,J-PDF p. 7 U1; A-PDF p. 1 General topics; N-PDF p. 9 U1,conditional,topic audit pending,candidate formula.ts / elements.ts (species counts/masses only),"Conservation of mass, definite/multiple proportions and source-given gas-volume ratios; illustrative particles distinguished from actual sample counts. Advanced uses these as Dalton/stoichiometry applications, not a separate heading.",Check elemental mass sums and integer ratio reductions; equal-volume gas comparisons require stated temperature/pressure assumptions; reject unequal conserved mass.,S0
chemistry|1|mole-concept-and-molar-mass,chemistry|1,Some Basic Concepts in Chemistry,"Atomic and molecular masses, mole concept, and molar mass",C-01a,listed,listed,listed,J-PDF p. 7 U1; A-PDF p. 1 General topics; N-PDF p. 9 U1,conditional,topic audit pending,candidate formula.ts / elements.ts (species counts/masses only),"Atomic/molecular mass, moles, molecules versus constituent atoms, ionic formula units; source-specified mass and Avogadro constant.",Independently check n=m/M and N=n*N_A with formula atom multipliers; reject atom/molecule count substitution or negative mass; numerical-only questions may stay text-only.,S0
chemistry|1|percentage-composition-and-empirical-formula,chemistry|1,Some Basic Concepts in Chemistry,"Percentage composition, empirical and molecular formulae",C-01b,listed,application,listed,J-PDF p. 7 U1; A-PDF p. 1 General topics; N-PDF p. 9 U1; A-PDF pp. 5–6 Basic Principles of Organic Chemistry (combustion method only),conditional,topic audit pending,candidate formula.ts (composition parsing only),"Elemental mass percentages, empirical integer ratios and molecular multiplier; Advanced organic formula determination is combustion-only, with general formula arithmetic an application.",Require percentages to sum within source precision; reduce mole ratios independently and verify M/M_empirical is an admissible integer; reject incompatible percentages/molar mass.,S0
chemistry|1|stoichiometry-and-limiting-reagent,chemistry|1,Some Basic Concepts in Chemistry,Chemical equations and stoichiometry,C-01b,listed,listed,listed,J-PDF p. 7 U1; A-PDF p. 1 General topics; N-PDF p. 9 U1,conditional,topic audit pending,candidate formula.ts (composition parsing only),"Balanced reactions with one limiting reagent, exact stoichiometric amounts, excess remaining and product mass; neutralization/redox/displacement variants.",Check coefficient matrix nullspace and elemental/charge conservation; calculate limiting min(n_i/nu_i) independently; reject unbalanced equations or product exceeding available atoms.,S0
chemistry|1|molarity-and-solution-stoichiometry,chemistry|1,Some Basic Concepts in Chemistry,Molarity and stoichiometry of reactions in solution,C-01b,application,listed,application,J-PDF p. 7 U1; A-PDF p. 1 General topics; N-PDF p. 9 U1; J-PDF p. 7 U5; N-PDF p. 10 U5,conditional,topic audit pending,candidate formula.ts (composition parsing only),Solution mixing/dilution and reagent-volume limiting cases; Main/NEET solution stoichiometry applies U1/U5; Advanced explicitly lists molarity/molality/normality.,"Check n=cV with consistent litres, conserved solute on dilution and stoichiometric equivalents; normality requires a stated reaction factor; reject adding molarities without volumes.",S0; C-05a
chemistry|2|electromagnetic-radiation-and-photoelectric-effect,chemistry|2,Atomic Structure,Nature of electromagnetic radiation and the photoelectric effect,C-02a,listed,application,listed,J-PDF p. 7 U2; A-PDF p. 1 Atomic Structure; N-PDF p. 9 U2,conditional,topic audit pending,none,Photon frequency/wavelength/energy and photoelectric threshold/stopping potential; Advanced chemistry names wave-particle duality rather than a separate photoelectric heading.,Check c=lambda*nu and E=h*nu; photoelectric K_max=h*nu-phi only above threshold with stated phi; reject negative emitted kinetic energy or absent work function.,S0; S2
chemistry|2|hydrogen-spectrum-and-bohr-model,chemistry|2,Atomic Structure,Spectrum of the hydrogen atom and the Bohr model of a hydrogen atom,C-02a,listed,listed,listed,J-PDF p. 7 U2; A-PDF p. 1 Atomic Structure; N-PDF p. 9 U2,required,topic audit pending,none,"Hydrogen allowed levels, absorption/emission directions and series limits; Bohr radii versus energy-level depiction; distinguish model limitations from classical orbital shapes.",Compute E_n=-R_H/n^2 and r_n=a0*n^2 from declared constants; verify transition wavelength/sign and enumerate n(n-1)/2 lines when applicable; reject nonpositive quantum level or reversed emission.,S0; S2
chemistry|2|de-broglie-and-heisenberg,chemistry|2,Atomic Structure,"Dual nature of matter, de Broglie's relationship, and the Heisenberg uncertainty principle",C-02a,listed,listed,listed,J-PDF p. 7 U2; A-PDF p. 1 Atomic Structure; N-PDF p. 9 U2,conditional,topic audit pending,none,Matter wavelength with specified mass/momentum; uncertainty intervals in position/momentum; qualitative wave versus particle representations.,Check lambda=h/p and Delta x*Delta p>=hbar/2 under the stated uncertainty convention; reject zero momentum as a finite wavelength or mutually exact position/momentum.,S0; S2
chemistry|2|quantum-mechanical-model-and-orbitals,chemistry|2,Atomic Structure,Quantum mechanical model of the atom and atomic orbitals as one-electron wave functions,C-02c,listed,listed,listed,J-PDF p. 7 U2; A-PDF p. 1 Atomic Structure; N-PDF p. 9 U2,required,topic audit pending,none,Main/NEET explicitly require psi and psi^2 versus r for 1s/2s; distinguish them from radial probability 4*pi*r^2*|psi|^2; Advanced wavefunction/density treatment is plots-only.,"Compare independent hydrogenic functions, 2s radial node and nonnegative density; distinguish normalization measure and radial probability at r=0; reject negative probability or a classical electron path.",S0; S2; S4
chemistry|2|quantum-numbers-and-orbital-shapes,chemistry|2,Atomic Structure,"Quantum numbers, their significance, and shapes of s, p, and d orbitals",C-02b,listed,listed,listed,J-PDF p. 7 U2; A-PDF p. 1 Atomic Structure; N-PDF p. 9 U2,required,topic audit pending,candidate orbitalBox.ts / electronConfiguration.ts,"Allowed n/l/m_l/m_s sets; s/p/d lobes, radial/angular nodes and orientation; subshell degeneracy versus spin capacity.","Enumerate l=0..n-1, m_l=-l..l and m_s=+/-1/2; check 2l+1 orbitals, angular nodes l and radial nodes n-l-1; reject impossible tuples and unlabelled orbital sign conventions.",S0; S4
chemistry|2|electronic-configuration-and-filling-rules,chemistry|2,Atomic Structure,"Aufbau principle, Pauli's exclusion principle, Hund's rule, and electronic configuration of elements",C-02b,listed,listed,listed,J-PDF p. 7 U2; A-PDF p. 1 Atomic Structure; N-PDF p. 9 U2,required,topic audit pending,candidate orbitalBox.ts / electronConfiguration.ts,Neutral/ionic electron filling; Cr/Cu exceptions; half/full shells; Hund and Pauli spin boxes; remove outer-shell electrons before inner d electrons.,"Independently sum Z-charge, bound each subshell capacity and each box to opposite-spin pairs; verify unpaired counts against an external occupancy oracle; reject excess occupancy or identical-spin pairs.",S0; S4
chemistry|3|kossel-lewis-and-ionic-bonding,chemistry|3,Chemical Bonding and Molecular Structure,"Kossel-Lewis approach to chemical bond formation, ionic bond formation, and lattice enthalpy",C-03a,listed,review,listed,J-PDF p. 7 U3; A-PDF pp. 1–2 Chemical Bonding and Molecular Structure; N-PDF p. 9 U3; A-PDF p. 2 Chemical Thermodynamics (lattice enthalpy),required,topic audit pending,candidate lewis.ts / formula.ts; candidate thermoGraphs.ts (Born-Haber fragments),"Lewis electron pairs/formal charge for neutral/ionic, deficient/expanded-octet and resonance cases; ionic transfer and lattice enthalpy subcases remain inside this original compound topic. Advanced explicitly names lattice enthalpy in Thermodynamics; Lewis/ionic foundations are not separately enumerated in its Bonding heading.",Independently sum valence electrons and formal charges; preserve resonance atom skeleton; check Born-Haber energy closure for stated lattice data; reject lost charge or changed resonance connectivity.,S0; S4
chemistry|3|electronegativity-fajans-rule-and-dipole-moment,chemistry|3,Chemical Bonding and Molecular Structure,"Electronegativity, Fajan's rule, and dipole moment",C-03d,listed,review,listed,J-PDF p. 7 U3; A-PDF pp. 1–2 Chemical Bonding and Molecular Structure; N-PDF p. 9 U3; A-PDF p. 3 Periodicity (electronegativity),required,topic audit pending,candidate vsepr.ts (geometry only); candidate periodicTrend.ts (limited EN data),"Polarization under Fajan rules, electronegativity contrast and vector sum of bond dipoles; symmetric versus lone-pair/asymmetric molecules. Advanced lists polarity/dipole but not the standalone Fajan rule.",Validate species charges/radius assumptions and independently sum stated dipole vectors; inversion/symmetry must give the same cancellation; reject using schematic arrow lengths as measured dipoles.,S0; S3; S4; C-09b
chemistry|3|vsepr-and-shapes,chemistry|3,Chemical Bonding and Molecular Structure,VSEPR theory and shapes of simple molecules,C-03b,listed,listed,listed,J-PDF p. 7 U3; A-PDF pp. 1–2 Chemical Bonding and Molecular Structure; N-PDF p. 9 U3,required,topic audit pending,candidate vsepr.ts / lewis.ts; candidate organic/ (small molecular fragments),AX2 through AX6 domains with lone pairs; linear/bent/trigonal/tetrahedral/bipyramidal/octahedral/square planar molecular shapes; rotate/reflection-preserve wedge/dash meaning.,Count electron domains from composition/charge independently; distinguish electron geometry from molecular geometry and axial/equatorial sites; reject impossible lone-pair counts or asserting ideal angles as measured values.,S0; S4
chemistry|3|valence-bond-theory-and-hybridisation,chemistry|3,Chemical Bonding and Molecular Structure,"Valence bond theory, hybridisation involving s, p, and d orbitals, and resonance",C-03b,listed,listed,listed,J-PDF p. 7 U3; A-PDF pp. 1–2 Chemical Bonding and Molecular Structure; N-PDF p. 9 U3; A-PDF pp. 5–6 Basic Principles of Organic Chemistry (resonance),required,topic audit pending,candidate vsepr.ts / lewis.ts; candidate organic/ (small molecular fragments),"s/p/d hybridisation, head-on and sideways overlap, lone-pair orbitals and resonance with a fixed nuclear skeleton; Advanced hybridization uses s/p/d only.","Check hybrid orbital count equals orbitals combined, sigma/pi occupancy and total valence electrons; independently compare resonance charge/skeleton; reject hybridising unavailable orbitals or resonance as distinct equilibrium compounds.",S0; S4; C-03a; C-02b
chemistry|3|molecular-orbital-theory-and-bond-order,chemistry|3,Chemical Bonding and Molecular Structure,"Molecular orbital theory: LCAO, bonding and antibonding orbitals, molecular orbital configurations of homonuclear diatomic molecules, and bond order",C-03c,listed,listed,listed,J-PDF p. 7 U3; A-PDF pp. 1–2 Chemical Bonding and Molecular Structure; N-PDF p. 9 U3,required,topic audit pending,candidate moDiagram.ts,"Homonuclear diatomics/ions through Ne2 for Advanced; light versus heavier period-2 MO ordering, bonding/antibonding levels and degenerate pi spin occupancy.","Check electron total, Pauli/Hund occupancy and bond order=(N_b-N_a)/2 independently; compare unpaired count and bonding/nonbonding limits; reject species outside declared homonuclear scope or an invented numeric level separation.",S0; S4
chemistry|3|bond-parameters-sigma-and-pi-bonds,chemistry|3,Chemical Bonding and Molecular Structure,"Bond length, bond energy, and sigma and pi bonds",C-03b,listed,application,listed,J-PDF p. 7 U3; A-PDF pp. 1–2 Chemical Bonding and Molecular Structure; N-PDF p. 9 U3; A-PDF p. 5 Basic Principles of Organic Chemistry (sigma/pi bonds),conditional,topic audit pending,candidate vsepr.ts / lewis.ts; candidate organic/ (small molecular fragments),"Single/double/triple bond sigma/pi topology; source-given bond lengths and dissociation energies; qualitative multiple-bond comparison separate from measured data. Advanced sigma/pi bonds are explicit in Organic Principles; standalone bond-length/energy comparisons are applications, not separately enumerated Bonding headings.",Count one sigma plus order-1 pi bonds per bonded pair; verify numeric lengths/energies against referenced values and units; reject reading energy from a projected stroke length.,S0; S4; C-03c
chemistry|3|metallic-and-hydrogen-bonding,chemistry|3,Chemical Bonding and Molecular Structure,"Elementary idea of metallic bonding, hydrogen bonding and its applications",C-03b,listed,review,listed,J-PDF p. 7 U3; A-PDF pp. 1–2 Chemical Bonding and Molecular Structure; N-PDF p. 9 U3,required,topic audit pending,candidate chem_lewis / chem_organic (molecular fragments only),Metallic positive-ion/electron schematic; inter/intramolecular hydrogen bonding with donor/acceptor identity and orientation. Advanced explicitly lists hydrogen bonding but not a standalone metallic-bonding heading.,Validate hydrogen donor/acceptor atoms and intermolecular versus intramolecular edges; metallic representation preserves charge neutrality without literal localized electron claims; reject hydrogen bonds to unsupported atoms.,S0; S4
chemistry|4|systems-state-functions-and-processes,chemistry|4,Chemical Thermodynamics,"System and surroundings, extensive and intensive properties, state functions, and types of processes",C-04a,listed,listed,listed,J-PDF p. 7 U4; A-PDF p. 2 Chemical Thermodynamics; N-PDF p. 9–10 U4,conditional,topic audit pending,none,Open/closed/isolated system boundaries; intensive versus extensive properties and path versus state functions; isothermal/adiabatic/isobaric/isochoric paths when sourced.,Check matter/energy crossings against system type and path endpoints; scaling sample size changes extensive but not intensive quantities; reject contradictory isolation or decorative ungrounded apparatus.,S0; S1; S2
chemistry|4|first-law-work-heat-and-internal-energy,chemistry|4,Chemical Thermodynamics,"First law of thermodynamics: work, heat, internal energy, and enthalpy",C-04a,listed,listed,listed,J-PDF p. 7 U4; A-PDF p. 2 Chemical Thermodynamics; N-PDF p. 9–10 U4,conditional,topic audit pending,none,"Expansion/compression heat/work signs, constant-pressure/volume states and U/H relations; Advanced work is pressure-volume only.",Independently calculate Delta U=q+w and w=-integral(P_ext dV) in the declared chemistry sign convention; verify Delta H=Delta U+Delta(PV); reject mixed signs or unspecified work paths.,S0; S2
chemistry|4|heat-capacity,chemistry|4,Chemical Thermodynamics,Heat capacity and molar heat capacity,C-04a,listed,listed,listed,J-PDF p. 7 U4; A-PDF p. 2 Chemical Thermodynamics; N-PDF p. 9–10 U4,conditional,topic audit pending,none,"Heat capacity versus molar heat capacity, constant-pressure/volume comparison and source-specified temperature interval.","Check q=integral(C dT), C_m=C/n and units; for an explicitly ideal gas verify C_p-C_v=R; reject negative sample amount or silent phase change in a constant-C model.",S0; S2; S5
chemistry|4|hesss-law-and-enthalpies-of-reaction,chemistry|4,Chemical Thermodynamics,"Hess's law of constant heat summation and enthalpies of bond dissociation, combustion, formation, atomisation, sublimation, phase transition, hydration, ionisation, and solution",C-04a,listed,listed,listed,J-PDF p. 7 U4; A-PDF p. 2 Chemical Thermodynamics; N-PDF p. 9–10 U4,required,topic audit pending,candidate thermoGraphs.ts (Born-Haber/energy fragments only),"Reverse/scale/combine Hess steps; bond, formation, combustion, atomisation, sublimation, phase, hydration, ionisation and solution enthalpies; Born-Haber lattice cycle with supplied states. Advanced explicitly names reaction/fusion/vaporization/lattice enthalpy; the other named enthalpies are Hess/enthalpy applications there.",Sum independent stoichiometric reaction vectors and enthalpies; close the energy cycle and phase/state labels; reject inconsistent step sums or inventing missing energy values.,S0; S2; C-01b; C-03d
chemistry|4|entropy-and-spontaneity,chemistry|4,Chemical Thermodynamics,"Second law of thermodynamics, spontaneity of processes, and entropy change of the universe",C-04b,listed,listed,listed,J-PDF p. 7 U4; A-PDF p. 2 Chemical Thermodynamics; N-PDF p. 9–10 U4,conditional,topic audit pending,candidate thermoGraphs.ts (Gibbs lines),System/surroundings/universe entropy signs for reversible/irreversible cases; spontaneous versus nonspontaneous under declared constraints.,Compute Delta S_univ=Delta S_sys+Delta S_surr and reversible q_rev/T where applicable; distinguish Delta S_sys from total; reject spontaneous labels with negative total entropy under the model.,S0; S2
chemistry|4|gibbs-energy-and-equilibrium-constant,chemistry|4,Chemical Thermodynamics,"Gibbs energy change as the criterion for spontaneity, and the relation between the standard Gibbs energy change and the equilibrium constant",C-04b,listed,listed,listed,J-PDF p. 7 U4; A-PDF p. 2 Chemical Thermodynamics; N-PDF p. 9–10 U4,required,topic audit pending,candidate thermoGraphs.ts (Gibbs lines),Delta G versus T for all Delta H/Delta S sign pairs; crossover at Delta H/Delta S when admissible; standard Gibbs/equilibrium relation.,Independently verify Delta G=Delta H-T*Delta S and Delta G0=-RT ln K; convert J/kJ and Kelvin; reject nonpositive K/T or a numeric crossover without stated enthalpy/entropy.,S0; S2
chemistry|5|concentration-terms,chemistry|5,Solutions,"Methods of expressing the concentration of a solution: molality, molarity, mole fraction, and percentage by mass and volume",C-05a,listed,listed,listed,J-PDF p. 7 U5; A-PDF p. 3 Solutions; N-PDF p. 10 U5; A-PDF p. 1 General topics (concentration),conditional,topic audit pending,candidate formula.ts (composition parsing only),"Molality, molarity, mole fraction and mass/volume percentages; dilution and conversion only when solvent/solution mass and density are available. Advanced General topics names molarity/molality/mole fraction/normality; percentage conversions are applications.","Check mole fractions sum to one, denominator identities and c=n/V; independently convert with supplied density; reject mixing solvent mass with solution mass or fabricating density.",S0; C-01a
chemistry|5|solubility-and-henrys-law,chemistry|5,Solutions,Solubility of gases in liquids and Henry's law,C-05c,listed,listed,listed,J-PDF p. 7 U5; A-PDF p. 3 Solutions; N-PDF p. 10 U5; J-PDF p. 8 U6 Henry law; N-PDF p. 10 U6 Henry law,conditional,topic audit pending,none,"Henry solubility versus gas pressure at fixed T; explicit k_H convention and partial pressure. Main/NEET list Henry under U6, not U5; Advanced lists it under Solutions.","Check p=k_H*x or the explicitly stated alternative convention, units and zero-pressure limit; reject using total pressure for gas partial pressure or extrapolating past the declared dilute regime.",S0; S2; C-06a
chemistry|5|raoults-law-and-vapour-pressure,chemistry|5,Solutions,Vapour pressure of liquid solutions and Raoult's law,C-05a,listed,listed,listed,J-PDF p. 7 U5; A-PDF p. 3 Solutions; N-PDF p. 10 U5,required,topic audit pending,candidate solutionsGraphs.ts (Raoult/deviation plots),Binary volatile-liquid partial and total vapour pressures versus liquid mole fraction; solvent-only vapour for nonvolatile solute; pure-component endpoints.,Verify p_i=x_i*p_i0 and sum partial pressures independently; check endpoints and vapour mole fractions y_i=p_i/P; reject negative pressures/compositions or confusing liquid and vapour composition.,S0; S2
chemistry|5|ideal-and-non-ideal-solutions,chemistry|5,Solutions,"Ideal and non-ideal solutions, and vapour pressure versus composition plots",C-05a,listed,review,listed,J-PDF p. 7 U5; A-PDF p. 3 Solutions; N-PDF p. 10 U5,required,topic audit pending,candidate solutionsGraphs.ts (Raoult/deviation plots),"Ideal straight lines, source-observed positive/negative deviations and pure endpoints; nonideal plots are explicitly Main/NEET, while Advanced Solutions names ideal solutions only.",Compare ideal lines to independent Raoult values and deviations to supplied observations/model; reject calling a schematic deviation quantitatively exact or introducing an azeotrope without evidence.,S0; S2
chemistry|5|colligative-properties,chemistry|5,Solutions,"Colligative properties of dilute solutions: relative lowering of vapour pressure, depression of freezing point, elevation of boiling point, and osmotic pressure",C-05b,listed,listed,listed,J-PDF p. 7 U5; A-PDF p. 3 Solutions; N-PDF p. 10 U5,conditional,topic audit pending,candidate solutionsGraphs.ts (boiling/freezing plot fragments),"Relative vapour-pressure lowering, boiling elevation, freezing depression and semipermeable-membrane osmotic pressure; dilute nonvolatile-solute assumptions.","Check relative lowering=x_solute, Delta T_b=i*K_b*m, Delta T_f=i*K_f*m and pi=i*c*R*T under declared models; reject reversed shifts or a membrane passing the solute.",S0; S2; S1; C-05a
chemistry|5|molar-mass-and-vant-hoff-factor,chemistry|5,Solutions,"Determination of molecular mass from colligative properties, abnormal molar mass, and the van't Hoff factor",C-05b,listed,application,listed,J-PDF p. 7 U5; A-PDF p. 3 Solutions; N-PDF p. 10 U5,conditional,topic audit pending,candidate solutionsGraphs.ts (boiling/freezing plot fragments),Molar mass inferred by each colligative method; association/dissociation fractions and van't Hoff factor. Advanced mass determination is an application of its named colligative laws.,Independently derive apparent/true molar-mass relation and i from species count and extent; reject impossible dissociation fractions or incompatible combined observations.,S0; S2; C-01a; C-05a
chemistry|6|dynamic-equilibrium-and-physical-equilibria,chemistry|6,Equilibrium,"Meaning of equilibrium, dynamic equilibrium, and equilibria involving physical processes",C-06a,listed,application,listed,J-PDF p. 8 U6; A-PDF p. 2 Chemical and Ionic Equilibrium; N-PDF p. 10 U6,required,topic audit pending,candidate kinetics.ts (equilibrium approach depiction only),Forward/reverse process equality versus constant composition; Main/NEET solid-liquid/liquid-gas/solid-gas physical equilibria (Main also gas-gas); Advanced physical cases are equilibrium applications.,Check bidirectional process edges and equal rates at equilibrium without requiring equal concentrations; distinguish closed equilibrium from material loss; reject one-way arrows for a dynamic equilibrium.,S0; S2; S1
chemistry|6|law-of-chemical-equilibrium-kp-and-kc,chemistry|6,Equilibrium,"Law of chemical equilibrium, and the equilibrium constants Kp and Kc and their significance",C-06a,listed,listed,listed,J-PDF p. 8 U6; A-PDF p. 2 Chemical and Ionic Equilibrium; N-PDF p. 10 U6,conditional,topic audit pending,none,"Homogeneous/heterogeneous reaction K_c/K_p, activity of pure phases, equilibrium composition and reaction quotient; specified stoichiometry and temperature.",Independently solve extent with nonnegative species and mass/charge balance; verify Q=K and K_p=K_c*(RT)^Delta n under ideal-gas assumptions; reject including pure-solid concentration or inadmissible roots.,S0; S2; C-01b
chemistry|6|gibbs-energy-and-equilibrium,chemistry|6,Equilibrium,Significance of delta G and delta G naught in chemical equilibrium,C-06a,listed,listed,listed,J-PDF p. 8 U6; A-PDF p. 2 Chemical and Ionic Equilibrium; N-PDF p. 10 U6,conditional,topic audit pending,candidate thermoGraphs.ts (Gibbs lines only),"Delta G versus reaction extent/quotient; distinguish standard Delta G0, actual Delta G and equilibrium minimum.",Check Delta G=Delta G0+RT ln Q and Delta G0=-RT ln K; Q=K gives zero reaction Gibbs change; reject treating Delta G0=0 as required for every equilibrium.,S0; S2; C-04b
chemistry|6|le-chateliers-principle,chemistry|6,Equilibrium,"Factors affecting equilibrium: concentration, pressure, temperature, the effect of a catalyst, and Le Chatelier's principle",C-06a,listed,listed,listed,J-PDF p. 8 U6; A-PDF p. 2 Chemical and Ionic Equilibrium; N-PDF p. 10 U6,required,topic audit pending,none,"Concentration addition/removal, volume/pressure changes with unequal/equal gas moles, exo/endothermic heating and catalyst effects.",Compute new Q before solving shifted equilibrium; check K changes only with T and catalyst changes neither K nor final composition; reject pressure shift for equal ideal-gas stoichiometric mole counts.,S0; S2; C-04b
chemistry|6|acids-bases-and-ionisation-constants,chemistry|6,Equilibrium,"Concepts of acids and bases (Arrhenius, Bronsted-Lowry, and Lewis), ionisation of weak and strong electrolytes, and ionisation constants",C-06b,listed,listed,listed,J-PDF p. 8 U6; A-PDF p. 2 Chemical and Ionic Equilibrium; N-PDF p. 10 U6,required,topic audit pending,candidate solutionsGraphs.ts (single-stage acid/base titration balance only),"Arrhenius/Bronsted-Lowry/Lewis examples, weak/strong electrolyte dissociation and multistage ionization; Advanced explicitly names Bronsted/Lewis, other concepts are teaching applications.","Check conjugate-pair proton transfer, electron-pair donor/acceptor and charge balance; solve independent ionization mass balances for each stage; reject equating strong with concentrated or losing multistage species.",S0; S2; S4; C-03a
chemistry|6|ph-scale-and-ionisation-of-water,chemistry|6,Equilibrium,Ionisation of water and the pH scale,C-06b,listed,listed,listed,J-PDF p. 8 U6; A-PDF p. 2 Chemical and Ionic Equilibrium; N-PDF p. 10 U6,conditional,topic audit pending,candidate solutionsGraphs.ts (fixed-Kw titration balance only),"Water autoionization, acidic/basic/neutral pH including extreme dilution and stated temperature; pH/pOH distinction.",Solve electroneutrality with [H+][OH-]=K_w(T) and pH=-log activity under the declared approximation; reject neutral pH=7 at every T or ignoring water in extreme dilution.,S0; S2
chemistry|6|common-ion-effect-buffers-and-salt-hydrolysis,chemistry|6,Equilibrium,"Common ion effect, buffer solutions, and hydrolysis of salts and the pH of their solutions",C-06b,listed,listed,listed,J-PDF p. 8 U6; A-PDF p. 2 Chemical and Ionic Equilibrium; N-PDF p. 10 U6,conditional,topic audit pending,candidate solutionsGraphs.ts (single-stage titration charge-balance curves),"Common ion suppression, acid/base buffers before/after added reagent, salt hydrolysis and equivalence composition.",Independently enforce material/charge/K_a/K_b/K_w balances; test Henderson-Hasselbalch only within justified approximation bounds; reject an exhausted buffer or incorrect hydrolysing ion.,S0; S2; C-01b
chemistry|6|solubility-product,chemistry|6,Equilibrium,Solubility of sparingly soluble salts and solubility product,C-06c,listed,listed,listed,J-PDF p. 8 U6; A-PDF p. 2 Chemical and Ionic Equilibrium; N-PDF p. 10 U6,conditional,topic audit pending,none,"1:1/1:2 sparingly soluble salts, common ion and onset of precipitation with dilution/mixing.",Compute ion product versus K_sp with stoichiometric exponents and material balance; independently derive s for each salt; reject ignoring changed volume or precipitating when Q<K_sp.,S0; S2; C-06b; C-01b
chemistry|7|oxidation-number-and-redox-reactions,chemistry|7,Redox Reactions and Electrochemistry,"Electronic concepts of oxidation and reduction, redox reactions, oxidation number, and rules for assigning oxidation number",C-07a,listed,application,listed,J-PDF p. 8 U7; A-PDF p. 2 Electrochemistry; p. 1 General topics; N-PDF p. 10 U7,conditional,topic audit pending,candidate formula.ts (formula/charge parsing only),"Oxidation/reduction species and agents; elemental/ionic/compound oxidation numbers; peroxide and mixed oxidation-state examples with referenced conventions. Advanced General topics names redox calculations, not a standalone oxidation-number/rules heading.",Sum atom-weighted oxidation numbers to formula charge independently; match electron loss/gain and agent identity; reject oxygen=-2 applied blindly to peroxide or an impossible total charge.,S0; C-01b
chemistry|7|balancing-redox-reactions,chemistry|7,Redox Reactions and Electrochemistry,Balancing of redox reactions,C-07a,listed,listed,listed,J-PDF p. 8 U7; A-PDF p. 2 Electrochemistry; p. 1 General topics; N-PDF p. 10 U7,conditional,topic audit pending,candidate formula.ts (formula/charge parsing only),Half-reaction and oxidation-number balancing in acidic/basic media; charge and electron-transfer directions.,"Verify elemental and charge vectors vanish independently, electrons cancel and acidic/basic species are appropriate; reject residual electrons or spurious medium species.",S0; C-01b
chemistry|7|conductance-and-kohlrauschs-law,chemistry|7,Redox Reactions and Electrochemistry,"Electrolytic and metallic conduction, conductance in electrolytic solutions, molar conductivity and its variation with concentration, and Kohlrausch's law",C-07c,listed,listed,listed,J-PDF p. 8 U7; A-PDF p. 2 Electrochemistry; p. 1 General topics; N-PDF p. 10 U7,required,topic audit pending,candidate electrochemistry.ts,"Conductance versus conductivity/molar conductivity, strong/weak electrolyte dilution and Kohlrausch limiting additivity.",Check kappa=G*l/A and Lambda_m=kappa/c with unit conversions; independently sum ionic limiting conductivities; reject treating the qualitative sqrt(c) curve as measured weak-electrolyte data.,S0; S1; S2
chemistry|7|electrochemical-cells-and-electrode-potential,chemistry|7,Redox Reactions and Electrochemistry,"Electrolytic and galvanic cells, different types of electrodes, electrode potentials, standard electrode potential, and emf of a galvanic cell",C-07b,listed,listed,listed,J-PDF p. 8 U7; A-PDF p. 2 Electrochemistry; p. 1 General topics; N-PDF p. 10 U7,required,topic audit pending,candidate electrochemistry.ts,"Metal/gas/inert electrode half-cells; galvanic versus externally driven electrolytic cells; bridge, wire/voltmeter and ion/electron paths with polarity.",Balance half-cell/net reactions and n; compute E_cell=E_cathode-E_anode independently; check electron versus bridge-ion directions and driven polarity; reject open/unconnected paths or a missing inert electrode.,S0; S1; S2
chemistry|7|nernst-equation,chemistry|7,Redox Reactions and Electrochemistry,Nernst equation and its applications,C-07b,listed,listed,listed,J-PDF p. 8 U7; A-PDF p. 2 Electrochemistry; p. 1 General topics; N-PDF p. 10 U7,conditional,topic audit pending,candidate electrochemistry.ts,"Nonstandard cell concentrations/gas pressures, reaction quotient powers and temperature; standard and concentration-cell limits.","Check E=E0-(RT/nF)*ln Q with balanced stoichiometry, activities and Kelvin; Q=1 recovers E0; reject reciprocal Q, nonpositive activity or ambiguous charge/OCR.",S0; S2; C-06a; C-07a
chemistry|7|cell-potential-and-gibbs-energy,chemistry|7,Redox Reactions and Electrochemistry,"Relationship between cell potential and Gibbs energy change, and the equilibrium constant of the cell reaction",C-07b,listed,listed,listed,J-PDF p. 8 U7; A-PDF p. 2 Electrochemistry; p. 1 General topics; N-PDF p. 10 U7; J-PDF p. 7 U4 (standard Gibbs/K); N-PDF pp. 9–10 U4; A-PDF p. 2 Chemical Thermodynamics,conditional,topic audit pending,candidate electrochemistry.ts,"Cell Gibbs energy, electrical work and reaction K; distinguish actual E from standard E0.","Independently verify Delta G=-nFE, Delta G0=-nFE0 and ln K=nFE0/RT; reaction reversal reverses signs; reject noninteger electron number or deriving K from nonstandard E without Q.",S0; S2; C-04b; C-06a; C-07a
chemistry|7|electrolysis-and-faradays-laws,chemistry|7,Redox Reactions and Electrochemistry,"Electrolysis, products of electrolysis, and Faraday's laws of electrolysis",C-07c,application,listed,application,J-PDF p. 8 U7; A-PDF p. 2 Electrochemistry; p. 1 General topics; N-PDF p. 10 U7,required,topic audit pending,candidate electrochemistry.ts,"Molten versus aqueous electrolysis, inert versus reactive electrodes and Faraday mass/charge cases. Main/NEET explicitly list electrolytic cells but not a separate Faraday-law heading.","Check Q=It, n_e=Q/F and m=M*Q/(zF) independently; products require electrolyte/electrode/medium evidence; reject unspecified competing products or a deposition amount exceeding reactant availability.",S0; S1; S2; C-07a
chemistry|7|commercial-cells-and-batteries,chemistry|7,Redox Reactions and Electrochemistry,"Dry cell, lead accumulator, fuel cells, and corrosion",C-07d,review,listed,review,J-PDF p. 8 U7; A-PDF p. 2 Electrochemistry; p. 1 General topics; N-PDF p. 10 U7,required,topic audit pending,candidate electrochemistry.ts (generic half-cell primitives only; named battery/corrosion certification absent),"Dry cell, lead accumulator discharge/charge and fuel-cell reaction paths; corrosion with anode/cathode/electrolyte. Corrosion is Advanced-explicit and standalone unlisted in Main/NEET U7.","Check each specified half-reaction, net atom/charge balance and discharge/charge direction; corrosion needs referenced material/environment; reject reversed recharge flow or invented lifetime/voltage.",S0; S1; S4; C-07a; C-07b
chemistry|8|rate-of-reaction-and-factors,chemistry|8,Chemical Kinetics,"Rate of a chemical reaction and the factors affecting it: concentration, temperature, pressure, and catalyst",C-08a,listed,listed,listed,J-PDF p. 8 U8; A-PDF p. 2 Chemical Kinetics; N-PDF p. 10–11 U8,conditional,topic audit pending,candidate kinetics.ts,Reactant disappearance/product appearance rate with stoichiometric coefficients; concentration/pressure/temperature/catalyst perturbations and elementary versus complex steps.,"Verify -(1/a)d[A]/dt=(1/b)d[B]/dt from independent concentration/time data; catalyst affects kinetics, not reaction Delta G; reject confusing extent rate with one species derivative.",S0; S2; C-01b
chemistry|8|rate-law-order-and-molecularity,chemistry|8,Chemical Kinetics,"Rate law, rate constant and its units, and order and molecularity of reactions",C-08a,listed,listed,listed,J-PDF p. 8 U8; A-PDF p. 2 Chemical Kinetics; N-PDF p. 10–11 U8,conditional,topic audit pending,candidate kinetics.ts,Initial-rate determination with varied reactant concentrations; fractional/zero orders versus elementary-step molecularity and units of k.,Recompute exponents from independent rate ratios and dimensional units; molecularity must be a positive integer for one elementary step; reject inferring order from the overall balanced equation.,S0; S2
chemistry|8|zero-and-first-order-reactions,chemistry|8,Chemical Kinetics,Differential and integral forms of zero and first order reactions and their characteristics,C-08a,listed,listed,listed,J-PDF p. 8 U8; A-PDF p. 2 Chemical Kinetics; N-PDF p. 10–11 U8,required,topic audit pending,candidate kinetics.ts,"Zero/first-order concentration-time and transformed straight-line plots; explicit k, initial concentration, time unit and zero-order completion cutoff.",Compare [A]=[A]0-kt and [A]=[A]0*exp(-kt) independently; verify slope/intercept and differential residual; reject negative zero-order concentration or inconsistent rate/time units.,S0; S2
chemistry|8|half-life,chemistry|8,Chemical Kinetics,Half-lives of zero and first order reactions,C-08a,listed,listed,listed,J-PDF p. 8 U8; A-PDF p. 2 Chemical Kinetics; N-PDF p. 10–11 U8,conditional,topic audit pending,candidate kinetics.ts,Zero/first-order half-life and successive decay fractions; dependence or independence on initial concentration.,Check t_half=[A]0/(2k) versus ln2/k independently and repeated fractional completion; reject transferring first-order constant half-life to zero order or k<=0.,S0; S2
chemistry|8|arrhenius-equation-and-activation-energy,chemistry|8,Chemical Kinetics,"Effect of temperature on the rate of reactions, Arrhenius theory, and activation energy and its calculation",C-08b,listed,listed,listed,J-PDF p. 8 U8; A-PDF p. 2 Chemical Kinetics; N-PDF p. 10–11 U8,required,topic audit pending,candidate kinetics.ts / thermoGraphs.ts,"ln k versus 1/T, two-temperature activation energy, catalysed/uncatalysed barrier profiles and supplied reaction enthalpy.",Check slope=-E_a/R and independent log rate ratios; maintain product-reactant Delta H across catalyst paths; reject Celsius in inverse T or an invented barrier when energies are absent.,S0; S2
chemistry|8|collision-theory,chemistry|8,Chemical Kinetics,Collision theory of bimolecular gaseous reactions,C-08b,listed,application,listed,J-PDF p. 8 U8; A-PDF p. 2 Chemical Kinetics; N-PDF p. 10–11 U8,conditional,topic audit pending,candidate thermoGraphs.ts (qualitative distribution/profile fragments only),"Bimolecular gas collision orientation and threshold energy; temperature distribution and catalyst/selectivity examples. Main/NEET collision theory is no-derivation; Advanced names catalysis, not a standalone collision-theory heading.",Validate collision partners and productive orientation/threshold relation qualitatively; any numerical rate requires an explicit collision model and parameters; reject every collision reacting or decorative measured distributions.,S0; S2; S4
chemistry|9|modern-periodic-law-and-periodic-table,chemistry|9,Classification of Elements and Periodicity in Properties,Modern periodic law and the present form of the periodic table,C-09a,listed,listed,listed,J-PDF p. 8 U9; A-PDF p. 3 Classification of Elements and Periodicity in Properties; N-PDF p. 11 U9,required,topic audit pending,candidate periodicTrend.ts / electronConfiguration.ts / elements.ts,"Periodic placement by Z, configuration, period/group/block; highlighted source-given element set rather than a generic table.",Independently verify increasing Z and electron shell/block assignment against a versioned reference; reject wrong period/group or a table position inferred from OCR-corrupt Z.,S0; S4
chemistry|9|s-p-d-and-f-block-elements,chemistry|9,Classification of Elements and Periodicity in Properties,"s, p, d and f block elements",C-09a,listed,listed,listed,J-PDF p. 8 U9; A-PDF p. 3 Classification of Elements and Periodicity in Properties; N-PDF p. 11 U9,conditional,topic audit pending,candidate electronConfiguration.ts / elements.ts (classification inputs only),s/p/d/f valence-subshell classification including He placement and transition/inner-transition examples.,Check final occupied subshell and referenced classification conventions; electron total remains Z-charge; reject grouping solely by the first shell or confusing f-block with group number.,S0; S4; C-02b
chemistry|9|atomic-and-ionic-radii,chemistry|9,Classification of Elements and Periodicity in Properties,Periodic trends in atomic and ionic radii,C-09b,listed,listed,listed,J-PDF p. 8 U9; A-PDF p. 3 Classification of Elements and Periodicity in Properties; N-PDF p. 11 U9,required,topic audit pending,candidate periodicTrend.ts / elements.ts,"Atomic versus covalent/ionic radius definitions, cation/anion comparisons, isoelectronic series and period/group exceptions.",Order only species with the same radius definition/reference; check charge and nuclear charge in isoelectronic series; reject comparing mixed radius conventions or unknown table values as numeric truth.,S0; S4
chemistry|9|ionisation-enthalpy,chemistry|9,Classification of Elements and Periodicity in Properties,Periodic trends in ionisation enthalpy,C-09b,listed,listed,listed,J-PDF p. 8 U9; A-PDF p. 3 Classification of Elements and Periodicity in Properties; N-PDF p. 11 U9,required,topic audit pending,candidate periodicTrend.ts / elements.ts,First versus successive ionisation enthalpies; period/group anomalies and shell jumps; supplied species states.,Compare against an independently versioned property table and electron-removal sequence; preserve Be/B and N/O exceptions; reject monotonic trend overriding data or using first-IE data for successive IE.,S0; S4
chemistry|9|electron-gain-enthalpy-and-electronegativity,chemistry|9,Classification of Elements and Periodicity in Properties,Periodic trends in electron gain enthalpy and electronegativity,C-09b,listed,listed,listed,J-PDF p. 8 U9; A-PDF p. 3 Classification of Elements and Periodicity in Properties; N-PDF p. 11 U9; J-PDF p. 7 U3 electronegativity; N-PDF p. 9 U3 electronegativity,required,topic audit pending,candidate periodicTrend.ts / elements.ts,Electron-gain sign conventions and exceptions versus Pauling electronegativity; electronegativity is explicit in Main/NEET bonding U3.,Check values/ordering from a versioned independent table and distinguish more negative enthalpy from larger electronegativity; reject swapped signs or unknown species filled with guessed values.,S0; S4
chemistry|9|valence-oxidation-states-and-chemical-reactivity,chemistry|9,Classification of Elements and Periodicity in Properties,"Periodic trends in valence, oxidation states, and chemical reactivity",C-09b,listed,listed,listed,J-PDF p. 8 U9; A-PDF p. 3 Classification of Elements and Periodicity in Properties; N-PDF p. 11 U9,conditional,topic audit pending,candidate elements.ts / electronConfiguration.ts (configuration inputs only),"Valence/oxidation possibilities and metal/nonmetal reactivity comparisons with specified reactant/conditions, not a universal reactivity arrow.",Check electron/oxidation sums and independently referenced reaction trends/exceptions; reject inferring all reactivity from atomic radius or assigning unsupported oxidation states.,S0; S4; C-07a
chemistry|10|general-trends-in-p-block-elements,chemistry|10,p-Block Elements,"Electronic configuration and general trends in physical and chemical properties of p-block elements across periods and down groups, and the unique behaviour of the first element in each group",C-10a,listed,listed,listed,J-PDF p. 8 U10; A-PDF p. 4 p-Block Elements; N-PDF p. 11 U10,conditional,topic audit pending,candidate elements.ts / electronConfiguration.ts / periodicTrend.ts (limited main-group data only),"Groups 13–18 valence configuration, physical/chemical trends and first-element anomalies; Main/NEET denominator is this general scope, not the named-compound catalogue.",Verify configuration/oxidation pattern and anomalous behaviour against independent references; require stated property/conditions; reject a generic monotonic arrow that ignores an exception.,S0; S4; C-09a; C-09b
chemistry|10|group-13-boron-family,chemistry|10,p-Block Elements,Group 13 elements: the boron family and its important compounds,C-10b1,review,listed,review,J-PDF p. 8 U10; A-PDF p. 4 p-Block Elements; N-PDF p. 11 U10; A-PDF p. 4 Group 13,required,topic audit pending,candidate lewis.ts / vsepr.ts (supported one-centre fragments only),"Advanced borax/orthoboric acid/BF3/AlCl3/alums and diborane; boron electron deficiency, bridging bonds and B-O connectivity. Main/NEET named-compound standalone depth is supplemental; group trends remain C-10a.","Check exact formula, boron/oxygen connectivity, bridge hydrogen/electron accounting and balanced stated reactions; reject forcing diborane into an ordinary one-centre VSEPR skeleton.",S0; S4; C-03a; C-03b
chemistry|10|group-14-carbon-family,chemistry|10,p-Block Elements,Group 14 elements: the carbon family and its important compounds,C-10b2,review,listed,review,J-PDF p. 8 U10; A-PDF p. 4 p-Block Elements; N-PDF p. 11 U10; A-PDF p. 4 Group 14,required,topic audit pending,candidate lewis.ts / organic/ (small molecules only; extended networks unaudited),"Advanced carbon allotropes, CO/CO2, SiO2/silicones/silicates/zeolites; molecular versus extended C/Si-O network and repeat boundaries. Main/NEET named-compound depth is supplemental.","Independently verify atom valence, network degree/repeat stoichiometry and balanced source transformations; reject a finite molecule as the complete lattice or a projected bond as a true measured distance.",S0; S4; C-03a; C-03b
chemistry|10|group-15-nitrogen-family,chemistry|10,p-Block Elements,Group 15 elements: the nitrogen family and its important compounds,C-10b3,review,listed,review,J-PDF p. 8 U10; A-PDF p. 4 p-Block Elements; N-PDF p. 11 U10; A-PDF p. 4 Group 15,required,topic audit pending,candidate lewis.ts / vsepr.ts (supported small species only),"Advanced N2/NH3/HNO3/PH3/PCl3/PCl5, nitrogen oxides, phosphorus allotropes/oxoacids; distinguish P-H from O-H acidic sites. Main/NEET named-compound depth is supplemental.","Check composition, valence/charge, oxygen versus direct P-H connectivity and oxidation/acid-basicity accounting; reject missing bridging oxygen or automatic acidity from total hydrogen count.",S0; S4; C-03a; C-03b; C-07a
chemistry|10|group-16-oxygen-family,chemistry|10,p-Block Elements,Group 16 elements: the oxygen family and its important compounds,C-10b4,review,listed,review,J-PDF p. 8 U10; A-PDF p. 4 p-Block Elements; N-PDF p. 11 U10; A-PDF p. 4 Group 16,required,topic audit pending,candidate lewis.ts / vsepr.ts (O3/SO2-type fragments only),"Advanced O2/O3/SO2/H2SO4, simple oxides, sulphur allotropes/oxoacids; S-S/peroxo/bridging oxygen where the referenced species requires it. Main/NEET named-compound depth is supplemental.","Check each named species against independent topology, oxidation number and electron count; balance stated production reactions; reject a generic sulfate picture for a distinct sulphur oxoacid.",S0; S4; C-03a; C-03b; C-07a
chemistry|10|group-17-halogens,chemistry|10,p-Block Elements,"Group 17 elements: the halogens, interhalogen compounds, and oxoacids of halogens",C-10b5,review,listed,review,J-PDF p. 8 U10; A-PDF p. 4 p-Block Elements; N-PDF p. 11 U10; A-PDF p. 4 Group 17,required,topic audit pending,candidate lewis.ts / vsepr.ts (interhalogen/oxoanion fragments only),"Advanced Cl2/HCl/bleaching powder, interhalogens and halogen oxoacids; one-centre AXnEm shapes and redox conversion conditions. Main/NEET named-compound depth is supplemental.",Validate formula/charge/electron domains and referenced connectivity separately from ideal angles; balance redox and chlorine atom distribution; reject OCR-lost subscripts or unsupported polycentre parsing.,S0; S4; C-03a; C-03b; C-07a
chemistry|10|group-18-noble-gases,chemistry|10,p-Block Elements,Group 18 elements: the noble gases and xenon compounds,C-10b6,review,listed,review,J-PDF p. 8 U10; A-PDF p. 4 p-Block Elements; N-PDF p. 11 U10; A-PDF p. 4 Group 18,required,topic audit pending,candidate lewis.ts / vsepr.ts (supported xenon species only),Advanced noble-gas behaviour and xenon fluorine/oxygen compounds with lone pairs and shape; Main/NEET named xenon-compound depth is supplemental.,"Check species-specific composition, oxidation state and electron-domain/molecular geometry; preserve wedge/dash under orientation changes; reject missing xenon lone pairs or ungrounded measured angles.",S0; S4; C-03a; C-03b
chemistry|11|transition-elements-configuration-and-occurrence,chemistry|11,d- and f-Block Elements,"General introduction, electronic configuration, occurrence, and characteristics of transition elements",C-11a,listed,application,listed,J-PDF p. 8–9 U11; A-PDF pp. 4–5 d-Block / f-Block Elements; N-PDF p. 11 U11; A-PDF p. 3 Periodicity,conditional,topic audit pending,candidate electronConfiguration.ts / elements.ts (configuration inputs only),First-row neutral/ionic configurations and occurrence facts; distinguish d-block membership from transition-element definition. Advanced configuration/occurrence draws on Periodicity and d-Block rather than an identical heading.,Count Z-charge and outer-shell removal independently; verify incomplete-d criterion and ore/occurrence facts from named references; reject classifying every d-block element as transition by position alone.,S0; S4; C-02b; C-09a
chemistry|11|trends-in-transition-elements,chemistry|11,d- and f-Block Elements,"General trends in properties of the first-row transition elements: physical properties, ionisation enthalpy, oxidation states, and atomic radii",C-11a,listed,listed,listed,J-PDF p. 8–9 U11; A-PDF pp. 4–5 d-Block / f-Block Elements; N-PDF p. 11 U11; A-PDF p. 3 Periodicity (radius/ionisation trends),conditional,topic audit pending,candidate electronConfiguration.ts (occupancy only; periodicTrend.ts declines d/f trends),First-row oxidation-state/physical-property/atomic-radius/ionisation trends and exceptions; reference-dependent stability and electrode potentials.,Check oxidation-state electron totals and independently sourced property values/conditions; reject a main-group trend plot substituted for unavailable d-block data.,S0; S4; C-09b; C-07a
chemistry|11|colour-magnetism-and-catalysis-of-transition-elements,chemistry|11,d- and f-Block Elements,"Colour, catalytic behaviour, and magnetic properties of transition elements",C-11a,listed,listed,listed,J-PDF p. 8–9 U11; A-PDF pp. 4–5 d-Block / f-Block Elements; N-PDF p. 11 U11; A-PDF p. 5 Coordination Compounds (colour/spin-only magnetic properties),conditional,topic audit pending,candidate orbitalBox.ts / electronConfiguration.ts / crystalField.ts (specified atom/complex only),"d-electron occupancy and spin-only moment where justified; colour and catalytic roles require referenced species/conditions, not invented measured spectra.",Independently count unpaired electrons and mu=sqrt(n(n+2)) for spin-only cases; check colour/catalysis against versioned chemical facts; reject assigning colour from occupancy alone.,S0; S4; C-02b; C-12c
chemistry|11|complexes-interstitial-compounds-and-alloys,chemistry|11,d- and f-Block Elements,"Complex formation, interstitial compounds, and alloy formation",C-11a,listed,listed,listed,J-PDF p. 8–9 U11; A-PDF pp. 4–5 d-Block / f-Block Elements; N-PDF p. 11 U11,conditional,topic audit pending,candidate coordination.ts (complex fragments only; alloy/interstitial models unaudited),Coordination versus interstitial occupancy and alloy mixtures; chemical composition and host/guest identity; Main/NEET complex formation and alloy/interstitial concepts.,Check ligand/metal charge and bounded composition/topology independently; interstitial schematic is nonmetric unless a source lattice is specified; reject treating an alloy as one stoichiometric molecule.,S0; S4; C-12a
chemistry|11|potassium-dichromate-and-potassium-permanganate,chemistry|11,d- and f-Block Elements,"Preparation, properties, and uses of K2Cr2O7 and KMnO4",C-11c,listed,listed,listed,J-PDF p. 8–9 U11; A-PDF pp. 4–5 d-Block / f-Block Elements; N-PDF p. 11 U11,required,topic audit pending,candidate formula.ts (formula/charge inputs only; lewis.ts declines metal-centred species),"Chromate/dichromate interconversion, Cr/Mn oxoanions, K2Cr2O7/KMnO4 preparation and medium-dependent reduction products.",Check independent oxoanion connectivity/charge and balanced redox under acidic/basic/neutral conditions; reject assuming one Mn product regardless of medium or equating colour with quantitative concentration.,S0; S4; C-03a; C-07a
chemistry|11|lanthanoids,chemistry|11,d- and f-Block Elements,"Lanthanoids: electronic configuration, oxidation states, and lanthanoid contraction",C-11b,listed,listed,listed,J-PDF p. 8–9 U11; A-PDF pp. 4–5 d-Block / f-Block Elements; N-PDF p. 11 U11,conditional,topic audit pending,candidate electronConfiguration.ts (configurations only; f-block trend figures unaudited),Lanthanoid configurations/oxidation states and contraction; ion radius series with consistent definition and independent reference data.,Count electrons and check contraction exceptions/charge state against a versioned table; reject a monotonic unlabeled trend or copying covalent radii into ionic-radius comparisons.,S0; S4; C-02b; C-09b
chemistry|11|actinoids,chemistry|11,d- and f-Block Elements,"Actinoids: electronic configuration and oxidation states, and comparison with lanthanoids",C-11b,listed,listed,listed,J-PDF p. 8–9 U11; A-PDF pp. 4–5 d-Block / f-Block Elements; N-PDF p. 11 U11,conditional,topic audit pending,candidate electronConfiguration.ts (configurations only),"Actinoid configurations/oxidation states and comparison with lanthanoids; Advanced explicitly includes actinoid contraction, Main/NEET named actinoid content is configuration/oxidation.",Check referenced occupancy and oxidation-state ranges for named elements; hold radius/reference convention fixed in comparison; reject blanket identical f-series behaviour.,S0; S4; C-02b; C-09b
chemistry|12|werners-theory-ligands-and-coordination-number,chemistry|12,Coordination Compounds,"Introduction to coordination compounds, Werner's theory, ligands, coordination number, denticity, and chelation",C-12a,listed,listed,listed,J-PDF p. 9 U12; A-PDF p. 5 Coordination Compounds; N-PDF p. 11 U12,required,topic audit pending,candidate formula.ts / coordination.ts,"Bracketed entity versus counterion, Werner primary/secondary valency, mono/bidentate/polydentate ligand donors, chelation and coordination number.",Independently sum ligand/metal/counterion charges and donor-site counts; chelates require connected donor atoms on allowed sites; reject confusing ligand count with coordination number.,S0; S4
chemistry|12|iupac-nomenclature-of-coordination-compounds,chemistry|12,Coordination Compounds,IUPAC nomenclature of mononuclear coordination compounds,C-12a,listed,listed,listed,J-PDF p. 9 U12; A-PDF p. 5 Coordination Compounds; N-PDF p. 11 U12,required,topic audit pending,candidate formula.ts / coordination.ts,"Neutral/cationic/anionic mononuclear complex naming and reverse parse; ligand multiplicity/order, oxidation number and outer counterion identity.","Round-trip name to independent atom/ligand graph and charge accounting; check ambiguity rather than filling absent charge; reject unknown ligand, partial name or two centres outside mononuclear scope.",S0; S4
chemistry|12|isomerism-in-coordination-compounds,chemistry|12,Coordination Compounds,Isomerism in coordination compounds: structural isomerism and stereoisomerism,C-12b,listed,review,listed,J-PDF p. 9 U12; A-PDF p. 5 Coordination Compounds; N-PDF p. 11 U12,required,topic audit pending,candidate coordination.ts,"Structural/ionisation/linkage variants and cis/trans, fac/mer, optical chelates; Advanced explicitly lists cis-trans/ionisation, broader enumeration needs scope review.",Independently enumerate graph/site assignments modulo proper/full symmetry and preserve ligand identity; verify enantiomer versus superimposable projection; reject missing isomer or added impossible chelate placement.,S0; S4
chemistry|12|valence-bond-theory-of-complexes,chemistry|12,Coordination Compounds,Valence bond approach to bonding in coordination compounds,C-12c,listed,listed,listed,J-PDF p. 9 U12; A-PDF p. 5 Coordination Compounds; N-PDF p. 11 U12,required,topic audit pending,candidate crystalField.ts / electronConfiguration.ts,Linear/tetrahedral/square-planar/octahedral complexes; inner/outer orbital VBT occupancy and strong/weak ligand distinctions with referenced geometry.,"Check metal oxidation state, d-count, hybrid orbital count and coordination-site number independently; require a reference for geometry/spin inference; reject unsupported 3/5-coordinate defaults.",S0; S4
chemistry|12|crystal-field-theory,chemistry|12,Coordination Compounds,"Basic ideas of crystal field theory: crystal field splitting, colour, and magnetic properties of complexes",C-12c,listed,listed,listed,J-PDF p. 9 U12; A-PDF p. 5 Coordination Compounds; N-PDF p. 11 U12,required,topic audit pending,candidate crystalField.ts / electronConfiguration.ts,"Octahedral/tetrahedral CFT splitting, high/low spin and spectrochemical comparisons; spin-only moment and supplied Delta/CFSE; Advanced named fields exclude a mandatory square-planar CFT extension.","Verify barycentre sums, independent occupancy/CFSE and mu=sqrt(n(n+2)); no numeric colour without transition data; reject wrong electron count, false pairing or scheme energy labels unrelated to supplied Delta.",S0; S4
chemistry|12|importance-and-applications-of-coordination-compounds,chemistry|12,Coordination Compounds,"Importance of coordination compounds in qualitative analysis, extraction of metals, and biological systems",C-12a,listed,listed,listed,J-PDF p. 9 U12; A-PDF p. 5 Coordination Compounds; N-PDF p. 11 U12,conditional,topic audit pending,candidate formula.ts / coordination.ts,"Source-specified coordination role in qualitative analysis, metal extraction and biological complexes; metal-carbonyl standalone extension belongs to the separate Advanced-extra lane.",Check metal/ligand identity and referenced process role/edges; reject inventing a generic biological active site or an extraction yield; pure application-name recall may remain text-only.,S0; S4
chemistry|13|purification-methods,chemistry|13,Purification and Characterisation of Organic Compounds,"Purification of organic compounds: crystallisation, sublimation, distillation, and differential extraction",C-13a,listed,supplemental,listed,J-PDF p. 9 U13; A-PDF pp. 5–6 Basic Principles of Organic Chemistry; p. 8 Practical Organic Chemistry; N-PDF p. 11–12 U13,required,topic audit pending,none,"Crystallisation, sublimation, simple/fractional or source-specified distillation, and differential extraction; solvent/phase/collection paths. These named purification headings are not enumerated in Advanced.","Independently check phase/separation principle, condenser cooling/collection connectivity and layer/partition identity; reject sealed-heating or crossed collection paths and invented boiling points.",S0; S1; S5
chemistry|13|chromatography,chemistry|13,Purification and Characterisation of Organic Compounds,Chromatography: principles and applications,C-13a,listed,supplemental,listed,J-PDF p. 9 U13; A-PDF pp. 5–6 Basic Principles of Organic Chemistry; p. 8 Practical Organic Chemistry; N-PDF p. 11–12 U13,required,topic audit pending,none,"Paper/TLC or source-specified chromatographic stationary/mobile phases, origin/front and sample spots; measured Rf versus schematic separation. Advanced does not separately enumerate chromatography.",Compute Rf=d_spot/d_front from supplied distances and 0<=Rf<=1; validate origin/front order and phase roles; reject invented chromatogram spots/peaks or Rf from absent source observations.,S0; S1; S5
chemistry|13|detection-of-elements,chemistry|13,Purification and Characterisation of Organic Compounds,"Qualitative analysis: detection of nitrogen, sulphur, phosphorus, and halogens",C-13b,listed,review,listed,J-PDF p. 9 U13; A-PDF pp. 5–6 Basic Principles of Organic Chemistry; p. 8 Practical Organic Chemistry; N-PDF p. 11–12 U13,required,topic audit pending,none,"Main/NEET U13 N/S/P/halogen qualitative detection and relevant source-specified reagents/observations; Advanced Practical Organic lists N/S/halogens, not phosphorus.",Check analyte-to-reagent/observation branches and balanced chemical transformations against independent references; require a distinct P branch in U13; reject importing P into the narrower U20 test roster.,S0; S1; S4; S5
chemistry|13|quantitative-estimation-of-elements,chemistry|13,Purification and Characterisation of Organic Compounds,"Quantitative analysis: estimation of carbon, hydrogen, nitrogen, halogens, sulphur, and phosphorus",C-13b,listed,review,listed,J-PDF p. 9 U13; A-PDF pp. 5–6 Basic Principles of Organic Chemistry; p. 8 Practical Organic Chemistry; N-PDF p. 11–12 U13,conditional,topic audit pending,candidate formula.ts (composition parsing only),Main/NEET basic C/H/N/halogen/S/P estimation with measured inputs and formula stoichiometry; Advanced explicitly restricts organic empirical/molecular formula determination to combustion.,Recompute each element mass from independently balanced analyte/product relationships and check total composition; reject missing source yield/capture data or counting broader analysis methods as Advanced-explicit.,S0; S5; C-01b; C-07a
chemistry|13|empirical-and-molecular-formula-from-analysis,chemistry|13,Purification and Characterisation of Organic Compounds,Calculation of empirical and molecular formulae from organic quantitative analysis,C-13b,listed,listed,listed,J-PDF p. 9 U13; A-PDF pp. 5–6 Basic Principles of Organic Chemistry; p. 8 Practical Organic Chemistry; N-PDF p. 11–12 U13,conditional,topic audit pending,candidate formula.ts (quantitative composition inputs only),Organic empirical/molecular formula from elemental analysis with stated molar mass; Advanced subset uses combustion CO2/H2O data only.,"Independently derive C/H moles from captured products, infer remainder only under stated elemental composition and verify integer molecular multiplier; reject hidden extra elements or inconsistent molar mass.",S0; S5; C-01b
chemistry|14|tetravalency-and-hybridisation-of-carbon,chemistry|14,Some Basic Principles of Organic Chemistry,"Tetravalency of carbon, shapes of simple molecules, and hybridisation (s and p) of carbon",C-14b,listed,listed,listed,J-PDF p. 9 U14; A-PDF pp. 5–6 Basic Principles of Organic Chemistry; N-PDF p. 12 U14,required,topic audit pending,candidate organic/ / vsepr.ts / lewis.ts (structural fragments),Carbon tetravalence in sp/sp2/sp3 examples; linear/planar/tetrahedral shapes and sigma/pi distinction; projection orientation.,"Independently verify carbon valence, hybrid orbital count and sigma/pi bond counts; check planar versus tetrahedral topology and wedge/dash identity; reject five-valent neutral carbon.",S0; S4; C-03b
chemistry|14|functional-groups-and-homologous-series,chemistry|14,Some Basic Principles of Organic Chemistry,"Classification of organic compounds based on functional groups (including halogens, oxygen, nitrogen, and sulphur) and homologous series",C-14a,listed,application,listed,J-PDF p. 9 U14; A-PDF pp. 5–6 Basic Principles of Organic Chemistry; N-PDF p. 12 U14,required,topic audit pending,"candidate organic/ (resolved names, small graphs and bounded isomer sets)","Halogen/O/N/S functional groups, mono/bifunctional named compounds and successive homologues; Advanced variants apply its limited IUPAC scope and named alkane homologous series.",Check functional-group atom subgraphs and homologue composition difference independently; distinguish positional/functional isomers from homologues; reject classifying reagent/solvent as the subject.,S0; S4
chemistry|14|structural-and-stereoisomerism,chemistry|14,Some Basic Principles of Organic Chemistry,Isomerism: structural isomerism and stereoisomerism,C-14a,listed,listed,listed,J-PDF p. 9 U14; A-PDF pp. 5–6 Basic Principles of Organic Chemistry; N-PDF p. 12 U14,required,topic audit pending,"candidate organic/ (resolved names, small graphs and bounded isomer sets)","Chain/position/functional and cis/trans isomers; enantiomer/diastereomer/meso relationships; Advanced <=2 asymmetric centres and excludes R/S,E/Z assignments; Main/NEET CIP demand needs an editorial freeze.",Independently enumerate bounded valence-valid graphs and stereochemical equivalence classes; distinguish conformers from configurational isomers; reject missing meso equivalence or forcing excluded CIP labels.,S0; S4; S3; C-03b
chemistry|14|iupac-nomenclature,chemistry|14,Some Basic Principles of Organic Chemistry,Nomenclature of organic compounds (trivial and IUPAC),C-14a,listed,listed,listed,J-PDF p. 9 U14; A-PDF pp. 5–6 Basic Principles of Organic Chemistry; N-PDF p. 12 U14,required,topic audit pending,"candidate organic/ (resolved names, small graphs and bounded isomer sets)","Trivial/IUPAC naming, branching/locants, unsaturation and functional priorities; Advanced simple cyclic and mono/bifunctional derivatives only.",Round-trip the full name to an independent connectivity graph and formula; verify locants/valence and retain all substituents; reject partial/OCR-corrupt names rather than drawing the bare parent.,S0; S4
chemistry|14|bond-fission-and-reaction-intermediates,chemistry|14,Some Basic Principles of Organic Chemistry,"Covalent bond fission: homolytic and heterolytic; free radicals, carbocations, and carbanions and their stability",C-14c,listed,listed,listed,J-PDF p. 9 U14; A-PDF pp. 5–6 Basic Principles of Organic Chemistry; N-PDF p. 12 U14,required,topic audit pending,candidate organic/ (named reactant/reagent/product graphs only),"Homolytic/heterolytic fission, radical/carbocation/carbanion structure, charge and stabilization; source-specified substrate and bond.",Count electron allocation from the broken bond and atom charge/radical totals; independently compare referenced stabilization under stated substituents; reject a one-electron fishhook as a two-electron arrow.,S0; S4
chemistry|14|electrophiles-and-nucleophiles,chemistry|14,Some Basic Principles of Organic Chemistry,Electrophiles and nucleophiles,C-14c,listed,application,listed,J-PDF p. 9 U14; A-PDF pp. 5–6 Basic Principles of Organic Chemistry; N-PDF p. 12 U14; A-PDF p. 6 Alkenes and Alkynes / Benzene; p. 7 Alkyl Halides,required,topic audit pending,candidate organic/ (named reactant/reagent/product graphs only),Electrophile/nucleophile donor/acceptor site in charged/neutral species; reagent role versus reactant/product; Advanced applies named electrophilic/nucleophilic reaction headings.,Check electron-pair origin/target and conserved charge on explicit elementary steps; reject an arrow beginning at positive carbon with no electrons or treating solvent as product.,S0; S4
chemistry|14|electronic-displacement-effects,chemistry|14,Some Basic Principles of Organic Chemistry,"Electronic displacement in a covalent bond: inductive effect, electromeric effect, resonance, and hyperconjugation",C-14b,listed,review,listed,J-PDF p. 9 U14; A-PDF pp. 5–6 Basic Principles of Organic Chemistry; N-PDF p. 12 U14,required,topic audit pending,candidate organic/ / vsepr.ts / lewis.ts (structural fragments),"Inductive, electromeric, resonance and hyperconjugative cases with electron directions; Advanced names inductive/resonance/hyperconjugation but not a separate electromeric heading.","Check fixed atom skeleton/total charge for resonance, sigma-bond direction for induction and donor overlap for hyperconjugation; reject moving nuclei as resonance or inventing electron transfer without a trigger.",S0; S4; C-03a; C-14c
chemistry|14|types-of-organic-reactions,chemistry|14,Some Basic Principles of Organic Chemistry,"Common types of organic reactions: substitution, addition, elimination, and rearrangement",C-14c,listed,application,listed,J-PDF p. 9 U14; A-PDF pp. 5–6 Basic Principles of Organic Chemistry; N-PDF p. 12 U14,required,topic audit pending,candidate organic/ (named reactant/reagent/product graphs only),"Source-defined substitution/addition/elimination/rearrangement, elementary versus overall steps and explicit reagents/products; Advanced uses these across named compound headings.","Independently compare reactant/product adjacency and atom mapping, bond-order changes and charge/atom balance; reject a guessed product from a lone familiar reagent or an omitted stated intermediate.",S0; S4; C-01b
chemistry|15|classification-nomenclature-and-preparation-of-hydrocarbons,chemistry|15,Hydrocarbons,"Classification, isomerism, IUPAC nomenclature, and general methods of preparation of hydrocarbons",C-15b,listed,listed,listed,J-PDF p. 9 U15; A-PDF p. 6 Alkanes / Alkenes and Alkynes / Benzene; N-PDF p. 12 U15,conditional,topic audit pending,candidate organic/ (named structures/reagent roles only),"Acyclic/cyclic alkane/alkene/alkyne classes, branching/nomenclature, bounded structural isomers and source-defined preparation routes.",Check molecular formula/degree of unsaturation and complete isomer enumeration independently; preparations preserve reagent/product roles and atom balance; reject declaring one option as the answer.,S0; S4
chemistry|15|alkanes-conformations-and-halogenation,chemistry|15,Hydrocarbons,"Alkanes: conformations, sawhorse and Newman projections of ethane, and the mechanism of halogenation",C-15a,listed,listed,listed,J-PDF p. 9 U15; A-PDF p. 6 Alkanes / Alkenes and Alkynes / Benzene; N-PDF p. 12 U15,required,topic audit pending,candidate organic/ (base molecule fragments only),"Main/NEET ethane staggered/eclipsed Sawhorse and Newman; Advanced ethane/butane Newman only, including anti/gauche/eclipsed; radical halogenation chain states.",Independently map front/back carbon substituents and dihedral classes; verify projection-equivalent connectivity and radical atom/electron conservation; reject treating conformers as structural isomers or Advanced Sawhorse as mandatory.,S0; S4; S3; C-14c
chemistry|15|alkenes-electrophilic-addition,chemistry|15,Hydrocarbons,"Alkenes: geometrical isomerism and the mechanism of electrophilic addition of hydrogen, halogens, water, and hydrogen halides",C-15b,listed,listed,listed,J-PDF p. 9 U15; A-PDF p. 6 Alkanes / Alkenes and Alkynes / Benzene; N-PDF p. 12 U15,required,topic audit pending,candidate organic/ (named structures/reagent roles only),"Alkene cis/trans prerequisites, electrophilic additions of H2/X2/H2O/HX, Markovnikov/peroxide cases with conditions; Advanced excludes stated addition/elimination stereochemistry and R/S,E/Z configuration demands.",Check duplicate substituents invalidate geometric isomerism; independently map addition/regioisomer and atom balance with explicit conditions; reject peroxide rule for unsupported HX or guessed stereochemical outcome.,S0; S4; C-14a; C-14c
chemistry|15|ozonolysis-and-polymerisation-of-alkenes,chemistry|15,Hydrocarbons,Ozonolysis and polymerisation of alkenes,C-15b,listed,review,listed,J-PDF p. 9 U15; A-PDF p. 6 Alkanes / Alkenes and Alkynes / Benzene; N-PDF p. 12 U15,required,topic audit pending,candidate organic/ (named structures/reagent roles only),Source-defined ozonolysis carbonyl fragments/workup and alkene repeat-unit polymerization; Advanced lists ozone reaction but not standalone alkene polymerization in this heading.,Independently cut the double-bond graph and map all carbon atoms to stated products; verify polymer repeat attachment/valence and monomer atom count; reject missing workup or a complete finite polymer implied by one repeat.,S0; S4; C-14c
chemistry|15|alkynes,chemistry|15,Hydrocarbons,"Alkynes: acidic character, addition of hydrogen, halogens, water, and hydrogen halides, and polymerisation",C-15b,listed,listed,listed,J-PDF p. 9 U15; A-PDF p. 6 Alkanes / Alkenes and Alkynes / Benzene; N-PDF p. 12 U15,required,topic audit pending,candidate organic/ (named structures/reagent roles only),Terminal versus internal alkyne acidity/acetylides; hydrogen/halogen/water/HX additions and source-defined polymerization; Advanced explicitly names cyclic alkyne polymerization.,Check terminal acidic H and triple-to-double/single bond order changes; independently conserve atoms/products under each condition and cyclic stoichiometry; reject applying terminal acidity to internal alkynes.,S0; S4; C-14c
chemistry|15|benzene-structure-and-aromaticity,chemistry|15,Hydrocarbons,"Aromatic hydrocarbons: nomenclature, structure of benzene, and aromaticity",C-15c,listed,listed,listed,J-PDF p. 9 U15; A-PDF p. 6 Alkanes / Alkenes and Alkynes / Benzene; N-PDF p. 12 U15; A-PDF p. 5 Basic Principles of Organic Chemistry (aromaticity),required,topic audit pending,candidate organic/ (resolved aromatic graphs/reagent roles),Benzene aromatic ring/connectivity/resonance and named aromatic substituents; supplied cyclic conjugated systems for aromaticity tests.,Independently verify conjugation/planarity assumption and 4n+2 pi count for the declared model; resonance preserves nuclear skeleton; reject six localized inequivalent benzene bonds asserted as measured geometry.,S0; S4; C-14a; C-14b
chemistry|15|electrophilic-substitution-in-benzene,chemistry|15,Hydrocarbons,"Mechanism of electrophilic substitution in benzene: halogenation, nitration, Friedel-Crafts alkylation and acylation, and the directive influence of substituents",C-15c,listed,listed,listed,J-PDF p. 9 U15; A-PDF p. 6 Alkanes / Alkenes and Alkynes / Benzene; N-PDF p. 12 U15,required,topic audit pending,candidate organic/ (resolved aromatic graphs/reagent roles),Halogenation/nitration/Friedel-Crafts alkylation/acylation and mono-substituent ortho/meta/para directing cases; specified reagents and ring positions.,Map ring positions and atom/charge balance independently; compare full bounded product classes and referenced directing exceptions; reject guaranteed product/yield from a reagent-only stem.,S0; S4; C-14c
chemistry|16|preparation-and-nature-of-c-x-bond,chemistry|16,Organic Compounds Containing Halogens,"General methods of preparation, properties, and the nature of the C-X bond in haloalkanes and haloarenes",C-16b,listed,application,listed,J-PDF p. 9 U16; A-PDF p. 7 Alkyl Halides; p. 8 Haloarenes; N-PDF p. 12 U16; A-PDF p. 6 Alkanes; p. 7 Alcohols,required,topic audit pending,candidate organic/ (specified named molecular graphs only),"Alkyl versus aryl C-X polarity/resonance, named preparation/conversion routes and physical-property comparisons; Advanced route scope derives from named Alkanes/Alcohols/Haloarenes headings.","Check substrate connectivity, C-X site and atom-mapped balanced transformations; verify referenced property conditions; reject applying an alkyl sp3 bond mechanism unchanged to aryl sp2 carbon.",S0; S4; C-14a; C-14c
chemistry|16|nucleophilic-substitution-sn1-and-sn2,chemistry|16,Organic Compounds Containing Halogens,Mechanisms of nucleophilic substitution reactions: SN1 and SN2,C-16a,listed,listed,listed,J-PDF p. 9 U16; A-PDF p. 7 Alkyl Halides; p. 8 Haloarenes; N-PDF p. 12 U16,required,topic audit pending,candidate organic/ (substrate/product graphs only),"SN1 versus SN2 substrate/nucleophile/solvent assumptions and explicit intermediate geometry; Advanced includes substitution stereochemical aspects despite R/S,E/Z exclusions elsewhere.","Independently check one-step backside replacement versus ionization/intermediate path, electron source/target and charge/atom balance; retain inversion/racemization relationships without forced CIP labels; reject a missing leaving group.",S0; S4; S3; C-14c
chemistry|16|elimination-and-reactions-with-metals,chemistry|16,Organic Compounds Containing Halogens,Elimination reactions of haloalkanes and their reactions with metals,C-16a,application,application,application,J-PDF p. 9 U16; A-PDF p. 7 Alkyl Halides; p. 8 Haloarenes; N-PDF p. 12 U16; A-PDF p. 6 Alkenes and Alkynes preparation; p. 7 Alkyl Halides Grignard; J-PDF p. 9 U14 elimination; N-PDF p. 12 U14 elimination,required,topic audit pending,candidate organic/ (substrate/product graphs only),"Beta-elimination with adjacent hydrogen, source-specified base/conditions; metal reactions and Grignard formation; Main/NEET variants apply generic U16 reactions.","Check removable beta-H, atom balance and metal/carbon/halogen roles independently; distinguish aqueous substitution from specified elimination conditions; reject an impossible alkene or unprovided reaction medium.",S0; S4; C-14c; C-15b
chemistry|16|reactions-of-haloarenes,chemistry|16,Organic Compounds Containing Halogens,"Haloarenes: resonance in the C-X bond, nucleophilic aromatic substitution, and electrophilic substitution",C-16a,application,listed,application,J-PDF p. 9 U16; A-PDF p. 7 Alkyl Halides; p. 8 Haloarenes; N-PDF p. 12 U16; A-PDF p. 6 Benzene directing groups,required,topic audit pending,candidate organic/ (substrate/product graphs only),"Aryl C-X resonance and source-defined nucleophilic aromatic/electrophilic substitution; Advanced NAS explicitly excludes benzyne/cine, EAS is a Benzene-directing-group application.","Check fixed aryl skeleton, substituted site and referenced activation/conditions; independently map atoms and electron movement; reject excluded benzyne/cine mechanisms as required Advanced content.",S0; S4; C-14b; C-14c; C-15c
chemistry|16|polyhalogen-compounds-and-environmental-effects,chemistry|16,Organic Compounds Containing Halogens,"Uses and environmental effects of chloroform, iodoform, freons, and DDT",C-16b,listed,supplemental,listed,J-PDF p. 9 U16; A-PDF p. 7 Alkyl Halides; p. 8 Haloarenes; N-PDF p. 12 U16,conditional,topic audit pending,candidate organic/ (specified named molecular graphs only),"Chloroform/iodoform/freons/DDT identity, source-supported uses and environmental causal paths; these named environmental effects are not listed in Advanced Haloarenes/Alkyl Halides.","Verify named species and sourced effect/process relation independently; reject invented quantities, exposure thresholds or a generic halogen-containing molecule substituted for the named compound; factual recall may be text-only.",S0; S4; C-14a
chemistry|17|alcohols-identification-and-dehydration,chemistry|17,Organic Compounds Containing Oxygen,"Alcohols: preparation, properties, identification of primary, secondary, and tertiary alcohols, and the mechanism of dehydration",C-17a,listed,listed,listed,J-PDF p. 10 U17; A-PDF pp. 6–7 Phenols / Alcohols / Ethers / Aldehydes and Ketones / Carboxylic Acids; N-PDF p. 12–13 U17,required,topic audit pending,candidate organic/ (named structures/reagent roles only),Primary/secondary/tertiary alcohol identification; source-specified preparation and dehydration to alkene/ether with conditions and intermediates.,"Count carbon neighbours on OH-bearing carbon independently, check beta-H and atom/electron balance; reject classifying by total carbon count or inventing an elimination stereochemical result.",S0; S4; C-14c; C-15b
chemistry|17|phenols-acidity-and-reactions,chemistry|17,Organic Compounds Containing Oxygen,"Phenols: acidic nature, electrophilic substitution reactions (halogenation, nitration, and sulphonation), and the Reimer-Tiemann reaction",C-17a,listed,listed,listed,J-PDF p. 10 U17; A-PDF pp. 6–7 Phenols / Alcohols / Ethers / Aldehydes and Ketones / Carboxylic Acids; N-PDF p. 12–13 U17,required,topic audit pending,candidate organic/ (named structures/reagent roles only),Phenol acidity/resonance; halogenation/nitration/sulphonation positions and Reimer-Tiemann path; Advanced extra named phenol reactions remain explicitly source-tagged.,Check conjugate-base skeleton/charge and source-specified ring substitution positions; independently map C/O and reagents in Reimer-Tiemann; reject phenol versus benzyl-alcohol confusion or guessed product mixtures.,S0; S4; C-14b; C-15c
chemistry|17|ethers-structure-and-reactions,chemistry|17,Organic Compounds Containing Oxygen,"Ethers: structure, preparation, and reactions",C-17a,listed,listed,listed,J-PDF p. 10 U17; A-PDF pp. 6–7 Phenols / Alcohols / Ethers / Aldehydes and Ketones / Carboxylic Acids; N-PDF p. 12–13 U17,required,topic audit pending,candidate organic/ (named structures/reagent roles only),"Ether C-O-C identity, named preparation and cleavage products; Main/NEET explicitly names structure and generic preparation/reaction wording, not a separate Williamson heading; Advanced explicitly names Williamson/C-O cleavage.",Independently verify oxygen valence and mapped cleavage/synthesis bonds with substrate/conditions; reject a symmetric generic ether for an unsymmetric source or unknown cleavage direction.,S0; S4; C-14c; C-16a
chemistry|17|carbonyl-group-and-nucleophilic-addition,chemistry|17,Organic Compounds Containing Oxygen,"Aldehydes and ketones: nature of the carbonyl group, nucleophilic addition to the C=O group, and relative reactivities of aldehydes and ketones",C-17b,listed,listed,listed,J-PDF p. 10 U17; A-PDF pp. 6–7 Phenols / Alcohols / Ethers / Aldehydes and Ketones / Carboxylic Acids; N-PDF p. 12–13 U17,required,topic audit pending,candidate organic/ (named structures/reagent roles only),"Aldehyde/ketone carbonyl polarity, nucleophilic attack and protonation; relative reactivity with referenced substituents; HCN/NH3 derivatives/Grignard specified additions.",Check nucleophile electron pair targets carbonyl carbon and pi electrons move to O; conserve atom/charge and distinguish aldehyde from ketone; reject unprovided product/stereochemistry.,S0; S4; C-14c
chemistry|17|preparation-of-aldehydes-and-ketones,chemistry|17,Organic Compounds Containing Oxygen,General methods of preparation of aldehydes and ketones,C-17b,listed,listed,listed,J-PDF p. 10 U17; A-PDF pp. 6–7 Phenols / Alcohols / Ethers / Aldehydes and Ketones / Carboxylic Acids; N-PDF p. 12–13 U17,required,topic audit pending,candidate organic/ (named structures/reagent roles only),"Named alcohol/acyl/nitrile/ester/aromatic precursor routes to aldehydes/ketones, only with stated reaction conditions; retain all multi-step intermediates.","Independently atom-map carbonyl carbon and source reagents/products, oxidation state and balanced reaction; reject over-oxidizing an aldehyde when the source specifies selective preparation.",S0; S4; C-14c; C-17a
chemistry|17|oxidation-reduction-and-tests-for-carbonyls,chemistry|17,Organic Compounds Containing Oxygen,"Oxidation and reduction of aldehydes and ketones (Wolff-Kishner and Clemmensen), and chemical tests to distinguish between aldehydes and ketones",C-17b,listed,listed,listed,J-PDF p. 10 U17; A-PDF pp. 6–7 Phenols / Alcohols / Ethers / Aldehydes and Ketones / Carboxylic Acids; N-PDF p. 12–13 U17,required,topic audit pending,candidate organic/ (named structures/reagent roles only),"Carbonyl oxidation/reduction, Wolff-Kishner versus Clemmensen conditions and distinguishing aldehyde/ketone test observations.",Check carbonyl-to-methylene or oxidation connectivity and reagent conditions independently; use referenced test chemistry with exceptions; reject fabricated precipitate/yield or implying all ketones give every test.,S0; S4; S5; C-14c
chemistry|17|alpha-hydrogen-aldol-cannizzaro-and-haloform,chemistry|17,Organic Compounds Containing Oxygen,"Acidity of alpha-hydrogen, aldol condensation, Cannizzaro reaction, and the haloform reaction",C-17b,listed,listed,listed,J-PDF p. 10 U17; A-PDF pp. 6–7 Phenols / Alcohols / Ethers / Aldehydes and Ketones / Carboxylic Acids; N-PDF p. 12–13 U17,required,topic audit pending,candidate organic/ (named structures/reagent roles only),"Alpha-H eligibility, aldol self/cross products, Cannizzaro without alpha-H and methyl-carbonyl haloform cases with stated substrates.",Independently locate alpha-H/methyl-carbonyl subgraphs and map all product atoms; check balanced disproportionation/haloform relationships; reject applying Cannizzaro blindly to alpha-H aldehydes.,S0; S4; C-14c
chemistry|17|carboxylic-acids-acidic-strength,chemistry|17,Organic Compounds Containing Oxygen,Carboxylic acids: acidic strength and factors affecting it,C-17c,listed,listed,listed,J-PDF p. 10 U17; A-PDF pp. 6–7 Phenols / Alcohols / Ethers / Aldehydes and Ketones / Carboxylic Acids; N-PDF p. 12–13 U17; A-PDF p. 6 Basic Principles of Organic Chemistry (acidity/basicity),required,topic audit pending,candidate organic/ (named structures only),Carboxyl versus phenol/alcohol acidity; substituent inductive/resonance effects and source-defined acid conversions/comparisons.,Verify carboxylate delocalization/charge and independent referenced acidity or supplied K_a/pK_a values; reject deriving numeric acidity from drawn bond length or treating every acidic H identically.,S0; S4; C-14b; C-06b
chemistry|18|amines-classification-nomenclature-and-structure,chemistry|18,Organic Compounds Containing Nitrogen,"Amines: nomenclature, classification, and structure",C-18a,listed,application,listed,J-PDF p. 10 U18; A-PDF p. 7 Amines; N-PDF p. 13 U18,required,topic audit pending,candidate organic/ (named structures/reagent roles only),"Primary/secondary/tertiary/quaternary nitrogen connectivity, aliphatic/aromatic amines, trivial/IUPAC names and lone-pair geometry.",Independently count N-carbon bonds/H/charge and valence; round-trip name to full graph; reject amide classified as amine or tertiary amine confused with ammonium.,S0; S4
chemistry|18|preparation-of-amines,chemistry|18,Organic Compounds Containing Nitrogen,General methods of preparation of amines,C-18a,listed,listed,listed,J-PDF p. 10 U18; A-PDF p. 7 Amines; N-PDF p. 13 U18,required,topic audit pending,candidate organic/ (named structures/reagent roles only),"Source-defined nitro/nitrile/amide reduction and Hofmann/Gabriel routes, reagent roles and carbon-skeleton change.","Independently map all N/C atoms, check one-carbon loss where specified and balance charge/atoms; reject assuming a universal primary-amine product without precursor/conditions.",S0; S4
chemistry|18|basic-character-of-amines,chemistry|18,Organic Compounds Containing Nitrogen,Basic character of amines,C-18a,listed,listed,listed,J-PDF p. 10 U18; A-PDF p. 7 Amines; N-PDF p. 13 U18; A-PDF p. 6 Basic Principles acidity/basicity,conditional,topic audit pending,candidate organic/ (named structures/reagent roles only),"Aliphatic/aromatic amine basicity under stated gas/aqueous phase, resonance/induction/solvation and supplied K_b/pK_b; Advanced applies Organic Principles acidity/basicity.",Check independent equilibria or referenced ordering for the named phase; distinguish availability of N lone pair from concentration; reject universally ordering primary/secondary/tertiary without medium.,S0; S4; C-14b; C-06b
chemistry|18|identification-of-amines,chemistry|18,Organic Compounds Containing Nitrogen,"Identification of primary, secondary, and tertiary amines",C-18a,listed,listed,listed,J-PDF p. 10 U18; A-PDF p. 7 Amines; N-PDF p. 13 U18,required,topic audit pending,candidate organic/ (named structures/reagent roles only),"Primary/secondary/tertiary identification using source-scoped nitrous-acid, carbylamine/Hinsberg or explicitly supplied test; observations distinguished from deductions.","Validate analyte/test branch and independent balanced reaction, including secondary/tertiary negative cases; reject claiming a positive test without N-H/required class or inventing observations.",S0; S4; S5
chemistry|18|reactions-of-aniline,chemistry|18,Organic Compounds Containing Nitrogen,Reactions of aniline: electrophilic substitution and protection of the amino group,C-18a,application,application,application,J-PDF p. 10 U18; A-PDF p. 7 Amines; N-PDF p. 13 U18; A-PDF p. 6 Benzene; p. 7 Amines acylation,required,topic audit pending,candidate organic/ (named structures/reagent roles only),"Aniline ring directing effects, source-specified protection/acylation and deprotection; Advanced EAS is a Benzene application and amine acylation is explicit.",Independently map amino substituent/ring positions and protection bonds; distinguish aniline/anilinium conditions; reject free-aniline behaviour copied to the protected substrate.,S0; S4; C-15c; C-17b
chemistry|18|diazonium-salts,chemistry|18,Organic Compounds Containing Nitrogen,Diazonium salts: preparation and importance in synthetic organic chemistry,C-18b,listed,listed,listed,J-PDF p. 10 U18; A-PDF p. 7 Amines; N-PDF p. 13 U18,required,topic audit pending,candidate organic/ (specified precursor/product graphs only),Diazotization with stated aromatic primary amine/conditions; Sandmeyer/related replacements and azo coupling with explicit partner/site.,"Independently verify diazonium N-N charge/connectivity, leaving N2 and coupling carbon site; map N/C/halogens and reaction conditions; reject a guessed transformation from an unidentified coupling partner.",S0; S4; C-14c; C-15c
chemistry|19|carbohydrates-and-monosaccharides,chemistry|19,Biomolecules,"Carbohydrates: classification, aldoses and ketoses, and monosaccharides (glucose and fructose)",C-19a,listed,listed,listed,J-PDF p. 10 U19; A-PDF p. 8 Biomolecules; N-PDF p. 13 U19,required,topic audit pending,candidate organic/ (open-chain glucose/fructose fragments only),"Aldose/ketose, glucose/fructose open/cyclic forms and classification; Advanced explicitly names glucose, sucrose and anomers, with fructose as a classification/application variant.",Check independent C/O/H topology and carbonyl/anomeric carbon identity; ring closure preserves formula/valence and supplied stereochemistry; reject an open-chain candidate presented as a certified cyclic anomer.,S0; S4
chemistry|19|oligosaccharides-and-polysaccharides,chemistry|19,Biomolecules,"Constituent monosaccharides of oligosaccharides (sucrose, lactose, and maltose) and polysaccharides",C-19a,review,review,review,J-PDF p. 10 U19; A-PDF p. 8 Biomolecules; N-PDF p. 13 U19; A-PDF p. 8 Polymers (cellulose),required,topic audit pending,candidate organic/ (small sugar fragments only; linkage/whole-polymer support unaudited),"Sucrose/lactose/maltose constituent sugars and glycosidic linkage/reducing-end distinctions; standalone polysaccharide breadth is unlisted Main/NEET U19, Advanced separately names cellulose in Polymers.",Check independently referenced linkage atoms/anomeric sites and hydrolysis monomer counts; a repeat fragment declares boundaries; reject missing constituent sugar or claiming all polysaccharides from a disaccharide example.,S0; S4; C-14a
chemistry|19|amino-acids-and-peptides,chemistry|19,Biomolecules,"Elementary idea of alpha-amino acids, the peptide bond, and polypeptides",C-19b,listed,listed,listed,J-PDF p. 10 U19; A-PDF p. 8 Biomolecules; N-PDF p. 13 U19,required,topic audit pending,candidate organic/smiles.ts (small-molecule graph primitives only),Alpha-amino-acid/zwitterion graph and source-defined di-/polypeptide sequence; peptide bond direction and N/C termini.,"Independently connect carbonyl C to amino N, account for condensation water and sequence order; check charges/valence and peptide count n-1 for a linear chain; reject reversed residue order or arbitrary missing residues.",S0; S4; C-14a; C-17b
chemistry|19|proteins-structure-denaturation-and-enzymes,chemistry|19,Biomolecules,"Proteins: primary, secondary, tertiary, and quaternary structure (qualitative idea only), denaturation of proteins, and enzymes",C-19b,listed,review,listed,J-PDF p. 10 U19; A-PDF p. 8 Biomolecules; N-PDF p. 13 U19,required,topic audit pending,none,"Main/NEET qualitative primary-to-quaternary levels, denaturation and enzymes; Advanced Biomolecules explicitly names primary/secondary and fibrous/globular, not the full higher-level/denaturation/enzyme heading.",Validate sequence versus folding versus multi-subunit topology with a named reference; denaturation does not automatically cleave peptide bonds; numerical enzyme curves need explicit law/data; reject invented complete protein folds.,S0; S4; C-08a
chemistry|19|vitamins,chemistry|19,Biomolecules,Vitamins: classification and functions,C-19d,listed,supplemental,listed,J-PDF p. 10 U19; A-PDF p. 8 Biomolecules; N-PDF p. 13 U19,text_only,topic audit pending,none,"Vitamin classifications/functions from a versioned factual reference; source-requested molecular structure is a separate visual obligation, not inferred from recall. Advanced does not enumerate vitamins.",Independently check classification/function pairs and record legitimate text-only rationale for recall; reject automatic decorative vitamin structures or a text-only decision for an explicitly figure-dependent case.,S0
chemistry|19|nucleic-acids,chemistry|19,Biomolecules,"Nucleic acids: chemical constitution of DNA and RNA, and the biological functions of nucleic acids",C-19c,listed,listed,listed,J-PDF p. 10 U19; A-PDF p. 8 Biomolecules; N-PDF p. 13 U19,required,topic audit pending,candidate organic/smiles.ts (small-molecule graph primitives only; nucleotide assembly unaudited),"DNA/RNA nucleotide sugar/base/phosphate identity and linkage; source-defined strand direction/complementarity and chemical roles, schematic versus whole polymer.","Independently verify 3-prime/5-prime phosphodiester edges, sugar OH difference and base complementarity where given; preserve sequence/direction and segment boundaries; reject invented DNA sequence or biological anatomy as molecule evidence.",S0; S4; C-14a
chemistry|19|hormones,chemistry|19,Biomolecules,Hormones: general introduction,C-19d,listed,supplemental,listed,J-PDF p. 10 U19; A-PDF p. 8 Biomolecules; N-PDF p. 13 U19,text_only,topic audit pending,none,General hormone introduction and sourced role/classification recall; source-requested structural/process detail requires its own independent visual assessment. Advanced does not enumerate the hormone heading.,Verify role/classification against a named reference and record why recall is text-only; reject invented hormonal concentration/feedback charts or hiding a source-required figure under the recall decision.,S0
chemistry|20|detection-of-extra-elements-and-functional-groups,chemistry|20,Principles Related to Practical Chemistry,"Detection of extra elements (nitrogen, sulphur, and halogens) and of hydroxyl (alcoholic and phenolic), carbonyl (aldehyde and ketone), carboxyl, and amino groups in organic compounds",C-20a,listed,listed,listed,J-PDF p. 10–11 U20; A-PDF p. 5 Principles of Qualitative Analysis; p. 8 Practical Organic Chemistry; N-PDF p. 13–14 U20,required,topic audit pending,none,"Main/NEET N/S/halogens only; alcoholic/phenolic OH, aldehyde/ketone carbonyl, carboxyl and amino tests; Advanced additionally requires nitro detection. U13 phosphorus stays separate.",Check every analyte/test/observation branch against the versioned official roster and independent balanced chemistry; test positive/negative controls and specificity; reject phosphorus as U20-listed or omit Advanced nitro.,S0; S1; S4; S5; C-13b; C-17a; C-17b; C-18a
chemistry|20|preparation-of-inorganic-and-organic-compounds,chemistry|20,Principles Related to Practical Chemistry,"Chemistry involved in the preparation of Mohr's salt, potash alum, acetanilide, p-nitroacetanilide, aniline yellow, and iodoform",C-20b,listed,supplemental,listed,J-PDF p. 10–11 U20; A-PDF p. 5 Principles of Qualitative Analysis; p. 8 Practical Organic Chemistry; N-PDF p. 13–14 U20,required,topic audit pending,candidate organic/ / formula.ts (specified product graphs only; preparation apparatus unaudited),"Mohr's salt, potash alum, acetanilide, p-nitroacetanilide, aniline yellow and iodoform, each with source-scoped preparation/collection stages; Advanced lacks this named practical preparation list.","Independently check all six products/formulas, balanced transformations and stage/reagent order; crystallisation/filtration objects must fit the given procedure; reject an omitted preparation or fabricated yield.",S0; S1; S4; S5; C-13a; C-17a; C-17b; C-18b
chemistry|20|titrimetric-analysis,chemistry|20,Principles Related to Practical Chemistry,"Chemistry involved in titrimetric exercises: acids, bases and the use of indicators, oxalic acid vs KMnO4, and Mohr's salt vs KMnO4",C-20c,listed,application,listed,J-PDF p. 10–11 U20; A-PDF p. 5 Principles of Qualitative Analysis; p. 8 Practical Organic Chemistry; N-PDF p. 13–14 U20; A-PDF p. 1 General topics neutralisation/oxidation-reduction,required,topic audit pending,candidate solutionsGraphs.ts (acid/base curves only); candidate formula.ts (species parsing only),"Acid/base/indicator titrations; acidic oxalic acid-KMnO4 and Mohr's salt-KMnO4 separately, with source-specified apparatus, medium and readings. Advanced variants apply General stoichiometric neutralization/redox, not an enumerated activity list.",Check titration connectivity and balanced equivalents; independently use 2:5 permanganate:oxalate and 1:5 permanganate:Fe2+ in acid plus cV at endpoint; reject endpoint/equivalence confusion or invented burette readings.,S0; S1; S2; S5; C-06b; C-07a
chemistry|20|qualitative-analysis-of-cations,chemistry|20,Principles Related to Practical Chemistry,"Chemical principles of qualitative salt analysis: cations Pb2+, Cu2+, Al3+, Fe3+, Zn2+, Ni2+, Ca2+, Ba2+, Mg2+, and NH4+",C-20d,listed,review,listed,J-PDF p. 10–11 U20; A-PDF p. 5 Principles of Qualitative Analysis; p. 8 Practical Organic Chemistry; N-PDF p. 13–14 U20,required,topic audit pending,none,"Main/NEET soluble-salt Pb2+,Cu2+,Al3+,Fe3+,Zn2+,Ni2+,Ca2+,Ba2+,Mg2+,NH4+; Advanced separate Groups I-V Ag+,Hg2+ (printed),Cu2+,Pb2+,Fe3+,Cr3+,Al3+,Ca2+,Ba2+,Zn2+,Mn2+,Mg2+.","Independently check exam-specific analyte roster, branch/reagent order, interference/confirmatory observations and balanced charge; reject insoluble Main/NEET salts or swapping Ni/NH4 with Advanced Ag/Hg/Cr/Mn.",S0; S1; S4; S5; C-06c; C-07a
chemistry|20|qualitative-analysis-of-anions,chemistry|20,Principles Related to Practical Chemistry,"Chemical principles of qualitative salt analysis: anions CO3 2-, S2-, SO4 2-, NO3-, NO2-, Cl-, Br-, and I-",C-20d,listed,review,listed,J-PDF p. 10–11 U20; A-PDF p. 5 Principles of Qualitative Analysis; p. 8 Practical Organic Chemistry; N-PDF p. 13–14 U20,required,topic audit pending,none,"Main/NEET CO3^2-,S^2-,SO4^2-,NO3-,NO2-,Cl-,Br-,I- (soluble salts only); Advanced nitrate/halides excluding fluoride, carbonate/bicarbonate,sulphate/sulphide, not nitrite.","Independently verify exact ion formula/charge and exam-specific branches with referenced observations/balanced reactions; reject fluoride or nitrite counted as Advanced-explicit, missing bicarbonate, or damaged carbonate/sulfate subscripts.",S0; S1; S4; S5; C-06c; C-07a
chemistry|20|physical-chemistry-experiments,chemistry|20,Principles Related to Practical Chemistry,"Chemical principles of the enthalpy of solution of CuSO4, enthalpy of neutralisation of a strong acid and a strong base, preparation of lyophilic and lyophobic sols, and the kinetic study of the reaction of iodide ions with hydrogen peroxide",C-20e,listed,application,listed,J-PDF p. 10–11 U20; A-PDF p. 5 Principles of Qualitative Analysis; p. 8 Practical Organic Chemistry; N-PDF p. 13–14 U20; A-PDF p. 2 Chemical Thermodynamics / Chemical Kinetics; p. 3 Surface Chemistry,required,topic audit pending,candidate kinetics.ts / thermoGraphs.ts (law/energy fragments only; practical apparatus unaudited),"All four original activities: CuSO4 solution enthalpy, strong-acid/strong-base neutralisation enthalpy, both lyophilic/lyophobic sol preparations, iodide-H2O2 kinetics at room T; named apparatus/observations. Advanced variants apply Thermodynamics/Surface Chemistry/Kinetics rather than this activity list.",Independently use heat/sample/mole balance and temperature observations for both enthalpies; check sol phase/preparation topology against references; balance iodide-peroxide chemistry and derive rate from supplied timed data; reject fabricated readings or one activity replacing another.,S0; S1; S2; S5; C-04a; C-08a
