topic_id,unit_id,chapter,topic,packet,main_scope,advanced_scope,neet_scope,source_refs,diagram_need,current_evidence,existing_seed,required_variants,acceptance_tests,dependencies
maths|10|cartesian-distance-section-and-locus,maths|10,Coordinate Geometry,Cartesian coordinates in a plane and the distance formula,CH-06a,listed,listed,not_applicable,J-PDF p2 Mathematics U10; A-PDF pp10-11 Analytical Geometry (two dimensions),required,topic audit pending,none,Points in all quadrants; coincident and axis-aligned pairs; explicit source coordinates,Independent sqrt((x2-x1)^2+(y2-y1)^2) agrees with source distance; translation preserves it; reject a metric label obtained from fitted canvas scale,S0; S3
maths|10|section-formula,maths|10,Coordinate Geometry,Section formula,CH-06a,listed,listed,not_applicable,J-PDF p2 Mathematics U10; A-PDF pp10-11 Analytical Geometry (two dimensions),required,topic audit pending,none,Internal/external division; signed ratio; midpoint; external ratio with zero denominator,Independent affine combination and collinearity/ratio check verify the point; m=n external division at infinity cannot become a finite point,S0; S3
maths|10|locus-and-locus-equations,maths|10,Coordinate Geometry,Locus and locus equations,CH-06b,listed,listed,not_applicable,J-PDF p2 Mathematics U10; A-PDF pp10-11 Analytical Geometry (two dimensions),required,topic audit pending,none,Distance/equidistance constraints; lines/circles/conics; disconnected or restricted loci,Check both directions: every displayed point satisfies the source constraints and every algebraic branch meets restrictions; reject an extraneous squared-equation branch or omitted component,S0; S3; CH-06a
maths|10|translation-of-axes,maths|10,Coordinate Geometry,Translation of axes,CH-06a,application,listed,not_applicable,J-PDF p2 Mathematics U10; A-PDF pp10-11 Analytical Geometry (two dimensions),required,topic audit pending,candidate: packages/scene-engine/src/compile/affineGeometry.ts (affine_point; affine_path; explicit 2D translation),"Old/new origins; x=X+h,y=Y+k; translated line/circle/conic equation; shift only versus rotation",Independent substitution transforms the equation and preserves world distances/incidence; reverse translation returns original coordinates; wrong-sign shifts reject; A expressly names shift of origin,S0; S3
maths|10|slope-parallel-perpendicular-and-intercepts,maths|10,Coordinate Geometry,Slope of a line and parallel and perpendicular lines,CH-06a,listed,application,not_applicable,J-PDF p2 Mathematics U10; A-PDF pp10-11 Analytical Geometry (two dimensions),required,topic audit pending,none,Finite/zero/undefined slopes; parallel/perpendicular line pairs; negative directions,Independent direction vectors and dot/cross products verify parallel/perpendicular relations; vertical lines never acquire a finite slope; coincident-point direction rejects,S0; S3
maths|10|intercepts-of-a-line,maths|10,Coordinate Geometry,Intercepts of a line on the coordinate axes,CH-06a,listed,application,not_applicable,J-PDF p2 Mathematics U10; A-PDF pp10-11 Analytical Geometry (two dimensions),required,topic audit pending,none,Finite x/y intercepts; line through origin; axis-parallel/axis-coincident lines,Independent substitution x=0/y=0 verifies intersections; missing/infinite intercepts stay explicit; reject dividing by a zero intercept coefficient,S0; S3
maths|10|straight-line-equations,maths|10,Coordinate Geometry,Various forms of equations of a straight line,CH-06a,listed,listed,not_applicable,J-PDF p2 Mathematics U10; A-PDF pp10-11 Analytical Geometry (two dimensions),required,topic audit pending,none,General/point-slope/two-point/intercept/normal forms; vertical line; coincident two-point inputs,Independent endpoint substitution and proportional coefficient checks show equivalent lines; zero normal or identical-point uniqueness claims reject,S0; S3
maths|10|family-of-lines,maths|10,Coordinate Geometry,Family of lines through the intersection of two lines,CH-06b,application,listed,not_applicable,J-PDF p2 Mathematics U10; A-PDF pp10-11 Analytical Geometry (two dimensions),required,topic audit pending,none,L1+lambda*L2 through a unique intersection; exceptional L2 member; parallel/coincident inputs,Independent incidence at the shared point and parameter completeness check include the exceptional line; parallel inputs do not receive a fabricated common-point family,S0; S3; CH-06a
maths|10|line-intersection-angles-and-concurrence,maths|10,Coordinate Geometry,Intersection of lines and angles between two lines,CH-06a,listed,listed,not_applicable,J-PDF p2 Mathematics U10; A-PDF pp10-11 Analytical Geometry (two dimensions),required,topic audit pending,none,Intersecting/parallel/coincident lines; acute/obtuse angle convention; vertical lines,Independent solve of two equations and atan2 of cross/dot directions verifies contact and angle; zero direction and guessed projected angle reject,S0; S3
maths|10|concurrence-of-three-lines,maths|10,Coordinate Geometry,Conditions for concurrence of three lines,CH-06a,listed,listed,not_applicable,J-PDF p2 Mathematics U10; A-PDF pp10-11 Analytical Geometry (two dimensions),required,topic audit pending,none,Three lines through one point; pairwise intersections distinct; parallel or coincident degeneracies,Independent coefficient determinant plus explicit common-point substitution establish concurrency; determinant zero alone cannot certify a unique common point,S0; S3
maths|10|point-to-line-distance,maths|10,Coordinate Geometry,Distance of a point from a line,CH-06a,listed,listed,not_applicable,J-PDF p2 Mathematics U10; A-PDF pp10-11 Analytical Geometry (two dimensions),required,topic audit pending,none,General line; point on/off line; vertical/horizontal line; perpendicular foot,Independent abs(ax0+by0+c)/sqrt(a^2+b^2) and foot incidence/perpendicularity agree; a=b=0 rejects,S0; S3
maths|10|angle-bisectors,maths|10,Coordinate Geometry,Equations of internal and external bisectors of the angles between two lines,CH-06b,supplemental,listed,not_applicable,J-PDF p2 Mathematics U10; A-PDF pp10-11 Analytical Geometry (two dimensions),required,topic audit pending,none,Internal/external bisectors; intersecting oblique/vertical lines; signed normalized equations,Independent equal point-to-line distances and angular sectors identify both branches; reject missing normalization or mislabeled internal/external line,S0; S3; CH-06a
maths|10|triangle-centres-centroid-and-orthocentre,maths|10,Coordinate Geometry,Coordinates of the centroid and orthocentre of a triangle,CH-06c,listed,listed,not_applicable,J-PDF p2 Mathematics U10; A-PDF pp10-11 Analytical Geometry (two dimensions),required,topic audit pending,candidate: packages/scene-engine/src/compile/triangleGeometry.ts (triangle_center; explicit nondegenerate vertices),Acute/obtuse/right triangles; translated/rotated/reflected vertices; exterior orthocentre,Independent centroid average/median concurrency and altitude dot products verify both centers; collinear vertices reject; an exterior orthocentre must not be moved inside,S0; S3; CH-06a; CH-06b
maths|10|triangle-centre-circumcentre,maths|10,Coordinate Geometry,Coordinate of the circumcentre of a triangle,CH-06c,listed,listed,not_applicable,J-PDF p2 Mathematics U10; A-PDF pp10-11 Analytical Geometry (two dimensions),required,topic audit pending,candidate: packages/scene-engine/src/compile/triangleGeometry.ts (triangle_center; explicit nondegenerate vertices),Acute/obtuse/right triangles; perpendicular bisectors; equidistance; collinear limit,Independent equal vertex distances and bisector equations verify the center; collinear vertices reject a finite circumcircle,S0; S3; CH-06a; CH-06b
maths|10|triangle-centre-incentre,maths|10,Coordinate Geometry,Coordinate of the incentre of a triangle,CH-06c,supplemental,listed,not_applicable,J-PDF p2 Mathematics U10; A-PDF pp10-11 Analytical Geometry (two dimensions),required,topic audit pending,candidate: packages/scene-engine/src/compile/triangleGeometry.ts (triangle_center; explicit nondegenerate vertices),Scalene/isosceles/right triangles; internal angle bisectors; positive inradius,Independent side-length-weighted coordinates and equal side distances verify incenter; reject an excenter substituted as the internal center or a degenerate triangle,S0; S3; CH-06a; CH-06b
maths|10|circle-standard-form,maths|10,Coordinate Geometry,Standard form of the equation of a circle,CH-06b,listed,listed,not_applicable,J-PDF p2 Mathematics U10; A-PDF pp10-11 Analytical Geometry (two dimensions),required,topic audit pending,none,Center at origin/off origin; positive radius; point membership; radius-zero separately declared,Independent (x-h)^2+(y-k)^2=r^2 and radial distances verify the circle; negative radius rejects; a zero-radius point is not a nondegenerate circle,S0; S3; CH-06a
maths|10|circle-general-form-radius-and-centre,maths|10,Coordinate Geometry,General form of the equation of a circle and finding its radius and centre,CH-06b,listed,listed,not_applicable,J-PDF p2 Mathematics U10; A-PDF pp10-11 Analytical Geometry (two dimensions),required,topic audit pending,none,x^2+y^2+Dx+Ey+F=0; positive/zero/negative radius squared; completed-square comparison,"Independent center=(-D/2,-E/2) and r^2=(D^2+E^2)/4-F agree; negative r^2 has no real circle; reject an invented real curve",S0; S3; CH-06a
maths|10|circles-through-three-points,maths|10,Coordinate Geometry,Equation of the family of circles through three points,CH-06b,application,application,not_applicable,J-PDF p2 Mathematics U10; A-PDF pp10-11 Analytical Geometry (two dimensions),required,topic audit pending,candidate: packages/scene-engine/src/compile/circleGeometry.ts (circle_from_three_points; circle_tangent_at; circle_tangency_points),Three noncollinear points give one circle; collinear/duplicate points; underdetermined reduced constraints,"Independent solve for D,E,F and incidence at all three points verifies uniqueness; reject a claimed one-parameter family through three noncollinear points and nonexistent collinear circle",S0; S3; CH-06a
maths|10|circle-from-diameter-endpoints,maths|10,Coordinate Geometry,Equation of a circle when the endpoints of a diameter are given,CH-06b,listed,application,not_applicable,J-PDF p2 Mathematics U10; A-PDF pp10-11 Analytical Geometry (two dimensions),required,topic audit pending,none,Arbitrary/axis-aligned diameter; midpoint and half-length; coincident endpoints,Independent center midpoint and endpoint distances verify the circle; Thales right-angle check at other points; coincident endpoints cannot certify a positive-radius circle,S0; S3; CH-06a
maths|10|line-circle-intersection-at-origin,maths|10,Coordinate Geometry,Points of intersection of a line and a circle with the centre at the origin,CH-06b,listed,listed,not_applicable,J-PDF p2 Mathematics U10; A-PDF pp10-11 Analytical Geometry (two dimensions),required,topic audit pending,none,Origin-centered circle with secant/tangent/disjoint line; vertical line; translated circle as Advanced/application extension,Independent quadratic discriminant enumerates 2/1/0 contacts; every contact satisfies both equations; reject wrong multiplicity and imaginary points rendered as real,S0; S3; CH-06a
maths|10|tangent-to-circle,maths|10,Coordinate Geometry,Condition for a line to be tangent to a circle and the equation of the tangent,CH-06b,review,listed,not_applicable,J-PDF p2 Mathematics U10; A-PDF pp10-11 Analytical Geometry (two dimensions),required,topic audit pending,candidate: packages/scene-engine/src/compile/circleGeometry.ts (circle_from_three_points; circle_tangent_at; circle_tangency_points),Tangency condition at origin is a Main intersection application; general tangent equation is deeper scope; vertical tangents and normals,Independent center-line distance=r and radius-dot-tangent=0 verify single contact; secant or off-circle contact rejects; freeze Main mixed-label boundary before evaluation,S0; S3; CH-06a
maths|10|length-of-tangent-from-a-point,maths|10,Coordinate Geometry,Length of the tangent from a point to a circle,CH-06b,supplemental,application,not_applicable,J-PDF p2 Mathematics U10; A-PDF pp10-11 Analytical Geometry (two dimensions),required,topic audit pending,candidate: packages/scene-engine/src/compile/circleGeometry.ts (circle_from_three_points; circle_tangent_at; circle_tangency_points),External/on/inside point; two contacts; translated circle; equality of tangent lengths,Independent sqrt(OP^2-r^2) plus contact incidence/perpendicularity verifies both lengths; inside points have no real tangent and on-circle degeneracy is explicit,S0; S3; CH-06a
maths|10|conic-sections-standard-forms,maths|10,Coordinate Geometry,Parabola in standard form,CH-06c,listed,listed,not_applicable,J-PDF p2 Mathematics U10; A-PDF pp10-11 Analytical Geometry (two dimensions),required,topic audit pending,candidate: packages/scene-engine/src/compile/conicGeometry.ts (conic; conic_anchor; conic_directrix; conic_asymptotes; conic_tangent),Parabola opening +/-x or +/-y; translated/rotated presentation after source-frame transform; vertex/focus,Independent substitution verifies y^2=4px or its declared equivalent and signed focus direction; p=0 rejects a nondegenerate parabola; fitting cannot change opening direction,S0; S3; CH-06a; CH-06b
maths|10|ellipse-standard-form,maths|10,Coordinate Geometry,Ellipse in standard form,CH-06c,listed,listed,not_applicable,J-PDF p2 Mathematics U10; A-PDF pp10-11 Analytical Geometry (two dimensions),required,topic audit pending,candidate: packages/scene-engine/src/compile/conicGeometry.ts (conic; conic_anchor; conic_directrix; conic_asymptotes; conic_tangent),Horizontal/vertical major axis; a>=b>0; circle limit; translated source frame,Independent x^2/a^2+y^2/b^2=1 and focal-distance sum verify the closed curve; invalid axis lengths reject and axis swap is tracked explicitly,S0; S3; CH-06a; CH-06b
maths|10|hyperbola-standard-form,maths|10,Coordinate Geometry,Hyperbola in standard form,CH-06c,listed,listed,not_applicable,J-PDF p2 Mathematics U10; A-PDF pp10-11 Analytical Geometry (two dimensions),required,topic audit pending,candidate: packages/scene-engine/src/compile/conicGeometry.ts (conic; conic_anchor; conic_directrix; conic_asymptotes; conic_tangent),Both transverse-axis choices; separate positive/negative branches; asymptotes; finite parameter bounds,Independent x^2/a^2-y^2/b^2=1 and focus-distance difference verify both branches; reject a bridge across the gap or zero axes,S0; S3; CH-06a; CH-06b
maths|10|eccentricity-foci-and-directrix,maths|10,Coordinate Geometry,"Eccentricity, foci, and directrices of conic sections",CH-06c,application,listed,not_applicable,J-PDF p2 Mathematics U10; A-PDF pp10-11 Analytical Geometry (two dimensions),required,topic audit pending,candidate: packages/scene-engine/src/compile/conicGeometry.ts (conic; conic_anchor; conic_directrix; conic_asymptotes; conic_tangent),Ellipse/hyperbola paired foci/directrices; parabola signed focus; circle e=0 limit; source frame,"Independent distance(P,F)=e*distance(P,directrix) with e=c/a verifies each applicable pair; circle limit has no finite directrix; mismatched focus/side rejects",S0; S3; CH-06a; CH-06b
maths|10|parametric-points-on-conics,maths|10,Coordinate Geometry,"Parametric coordinates on a parabola, ellipse, or hyperbola",CH-06c,supplemental,listed,not_applicable,J-PDF p2 Mathematics U10; A-PDF pp10-11 Analytical Geometry (two dimensions),required,topic audit pending,candidate: packages/scene-engine/src/compile/conicGeometry.ts (conic; conic_anchor; conic_directrix; conic_asymptotes; conic_tangent),"Parabola (p*t^2,2p*t); ellipse trig parameter; both hyperbola branches with declared parametrization; endpoint restrictions",Independent implicit-equation substitution verifies each contact; branch/domain and parameter convention are explicit; missing hyperbola branch or off-curve point rejects,S0; S3; CH-06a; CH-06b
maths|10|line-as-tangent-to-conic,maths|10,Coordinate Geometry,Condition for y = mx + c to be a tangent and point of tangency,CH-06c,supplemental,listed,not_applicable,J-PDF p2 Mathematics U10; A-PDF pp10-11 Analytical Geometry (two dimensions),required,topic audit pending,candidate: packages/scene-engine/src/compile/conicGeometry.ts (conic; conic_anchor; conic_directrix; conic_asymptotes; conic_tangent),Finite-slope tangent condition; vertical tangent outside y=mx+c chart; repeated intersection; parametric contact and normal composition,Independent discriminant zero/contact substitution and gradient-dot-tangent=0 verify tangency; negative discriminant or two distinct contacts rejects; slope-only chart cannot omit vertical case,S0; S3; CH-06a; CH-06b
maths|10|latus-rectum-of-conics,maths|10,Coordinate Geometry,"Latus rectum of a parabola, ellipse, or hyperbola",CH-06c,application,application,not_applicable,J-PDF p2 Mathematics U10; A-PDF pp10-11 Analytical Geometry (two dimensions),required,topic audit pending,candidate: packages/scene-engine/src/compile/conicGeometry.ts (conic; conic_anchor; conic_directrix; conic_asymptotes; conic_tangent),Parabola signed opening; ellipse/hyperbola at both foci; both transverse endpoints; rotated source frame,Independent conic-chord intersection through focus perpendicular to major axis gives endpoints and lengths 4*abs(p) or 2*b^2/a; reject wrong branch/focus pairing or a chord not through the focus,S0; S3; CH-06a; CH-06b
maths|7|real-valued-functions-and-algebra,maths|7,"Limit, Continuity and Differentiability",Real-valued functions and algebra of functions,CH-11a,listed,listed,not_applicable,"J-PDF p1 Mathematics U7; A-PDF pp11-12 Differential Calculus; p9 Sets, Relations and Functions (special functions)",conditional,topic audit pending,none,Sum/difference/product/quotient domains; interval intersections; rational cancellations with excluded points,Independent domain intersection and denominator constraints survive simplification; reject restoring a canceled undefined point; algebra-only simplification may stay text-only,S0; S2
maths|7|elementary-functions,maths|7,"Limit, Continuity and Differentiability","Polynomial, rational, trigonometric, logarithmic, and exponential functions",CH-11a,listed,listed,not_applicable,"J-PDF p1 Mathematics U7; A-PDF pp11-12 Differential Calculus; p9 Sets, Relations and Functions (special functions)",required,topic audit pending,candidate: packages/scene-engine/src/compile/calculusGeometry.ts (curve_anchor; curve_secant; curve_derivative; bounded analytic callbacks only),Polynomial/rational/trig/log/exponential graphs; zeros; asymptotes; legal real domains,Independent equation values and pole/domain checks match branches; no stroke bridges a pole or log boundary; wrong-domain sample points reject,S0; S2
maths|7|inverse-functions-and-graphs,maths|7,"Limit, Continuity and Differentiability",Inverse functions and graphs of simple functions,CH-11a,listed,listed,not_applicable,"J-PDF p1 Mathematics U7; A-PDF pp11-12 Differential Calculus; p9 Sets, Relations and Functions (special functions)",required,topic audit pending,candidate: packages/scene-engine/src/compile/calculusGeometry.ts (curve_anchor; curve_secant; curve_derivative; bounded analytic callbacks only),One-one restriction; inverse reflection; noninvertible full function; principal inverse examples,Composition f(f^-1(y)) and f^-1(f(x)) verifies legal restricted domains; reject an inverse for an unrestricted many-one map; domain/range exchange is explicit,S0; S2
maths|7|limits-continuity-and-differentiability,maths|7,"Limit, Continuity and Differentiability",Limits,CH-11a,listed,listed,not_applicable,"J-PDF p1 Mathematics U7; A-PDF pp11-12 Differential Calculus; p9 Sets, Relations and Functions (special functions)",required,topic audit pending,none,Finite one-sided/two-sided limits; removable holes; jumps/poles; Advanced L'Hospital only with valid hypotheses,Independent one-sided evaluations or analytic limit proof establishes equality/divergence; point value does not determine limit; reject L'Hospital without an allowed indeterminate form,S0; S2
maths|7|continuity,maths|7,"Limit, Continuity and Differentiability",Continuity of a function,CH-11a,listed,listed,not_applicable,"J-PDF p1 Mathematics U7; A-PDF pp11-12 Differential Calculus; p9 Sets, Relations and Functions (special functions)",required,topic audit pending,none,Piecewise join; removable/jump/infinite break; endpoint one-sided continuity; Advanced intermediate-value property,Check both one-sided limits and point value independently; IVT requires continuity on the full interval; reject a connected display across a hole or an unsupported IVT claim,S0; S2
maths|7|differentiability,maths|7,"Limit, Continuity and Differentiability",Differentiability of a function,CH-11b,listed,application,not_applicable,"J-PDF p1 Mathematics U7; A-PDF pp11-12 Differential Calculus; p9 Sets, Relations and Functions (special functions)",required,topic audit pending,candidate: packages/scene-engine/src/compile/calculusGeometry.ts (curve_anchor; curve_secant; curve_derivative; bounded analytic callbacks only),Smooth join versus corner/cusp; vertical tangent; continuous but nondifferentiable functions; endpoint convention,Independent one-sided difference quotients agree only at a differentiable point; infinite slope is not a finite derivative; reject a derivative across a corner,S0; S2; CH-11a
maths|7|differentiation-from-first-principles,maths|7,"Limit, Continuity and Differentiability",Differentiation from first principles,CH-11b,application,application,not_applicable,"J-PDF p1 Mathematics U7; A-PDF pp11-12 Differential Calculus; p9 Sets, Relations and Functions (special functions)",conditional,topic audit pending,candidate: packages/scene-engine/src/compile/calculusGeometry.ts (curve_anchor; curve_secant; curve_derivative; bounded analytic callbacks only),Difference quotient for polynomial/trig examples; shrinking nonzero h; one-sided failures,Independent symbolic quotient limit equals the derivative; h=0 cannot be inserted before taking the limit; pure derivation may be text-only,S0; S2; CH-11a
maths|7|differentiation-rules,maths|7,"Limit, Continuity and Differentiability","Differentiation of the sum, difference, product, and quotient of two functions",CH-11b,listed,listed,not_applicable,"J-PDF p1 Mathematics U7; A-PDF pp11-12 Differential Calculus; p9 Sets, Relations and Functions (special functions)",conditional,topic audit pending,candidate: packages/scene-engine/src/compile/calculusGeometry.ts (curve_anchor; curve_secant; curve_derivative; bounded analytic callbacks only),Sum/difference/product/quotient with domain restrictions; nonconstant factors; denominator zeros,Independent derivative identities and bounded point checks agree; reject quotient derivatives at excluded denominators and missing product terms,S0; S2; CH-11a
maths|7|special-function-differentiation,maths|7,"Limit, Continuity and Differentiability",Differentiation of trigonometric and inverse trigonometric functions,CH-11b,listed,listed,not_applicable,"J-PDF p1 Mathematics U7; A-PDF pp11-12 Differential Calculus; p9 Sets, Relations and Functions (special functions)",conditional,topic audit pending,candidate: packages/scene-engine/src/compile/calculusGeometry.ts (curve_anchor; curve_secant; curve_derivative; bounded analytic callbacks only),Trig poles; inverse-trig endpoint restrictions; principal inverse branches; radians,Independent analytic derivatives and branch/domain conditions agree; reject finite derivative labels at singular inverse endpoints or tangent poles,S0; S2; CH-11a
maths|7|logarithmic-and-exponential-differentiation,maths|7,"Limit, Continuity and Differentiability",Differentiation of logarithmic and exponential functions,CH-11b,listed,listed,not_applicable,"J-PDF p1 Mathematics U7; A-PDF pp11-12 Differential Calculus; p9 Sets, Relations and Functions (special functions)",conditional,topic audit pending,candidate: packages/scene-engine/src/compile/calculusGeometry.ts (curve_anchor; curve_secant; curve_derivative; bounded analytic callbacks only),"ln(x), log-base-a, e^x, a^x; positive arguments; legal bases; logarithmic differentiation",Independent derivative/base factors and domain checks agree; base<=0 or base=1 and nonpositive log arguments reject; no derivative certifies a forbidden real domain,S0; S2; CH-11a
maths|7|composite-implicit-and-second-derivatives,maths|7,"Limit, Continuity and Differentiability",Differentiation of composite functions,CH-11b,listed,listed,not_applicable,"J-PDF p1 Mathematics U7; A-PDF pp11-12 Differential Calculus; p9 Sets, Relations and Functions (special functions)",conditional,topic audit pending,candidate: packages/scene-engine/src/compile/calculusGeometry.ts (curve_anchor; curve_secant; curve_derivative; bounded analytic callbacks only),Nested composition; nonunit inner derivative; chain-rule zero and sign changes,Independent chain rule agrees with expanded/simple special cases; reject omission of inner derivative and values outside the composite domain,S0; S2; CH-11a
maths|7|implicit-and-parametric-differentiation,maths|7,"Limit, Continuity and Differentiability",Differentiation of implicit and parametric functions,CH-11b,review,review,not_applicable,"J-PDF p1 Mathematics U7; A-PDF pp11-12 Differential Calculus; p9 Sets, Relations and Functions (special functions)",required,topic audit pending,candidate: packages/scene-engine/src/compile/calculusGeometry.ts (curve_anchor; curve_secant; curve_derivative; bounded analytic callbacks only),"Implicit F(x,y)=0 is explicit in both exams; parametric application x(t),y(t); dx/dt=0; stationary parameter; second derivative",Check F_x+F_y*y'=0 where F_y is nonzero and dy/dx=y_t/x_t where x_t is nonzero; d2y/dx2=(d/dt(y_t/x_t))/x_t; vertical/zero-velocity cases never divide by zero; freeze parametric scope separately,S0; S2; CH-11a
maths|7|second-order-derivatives,maths|7,"Limit, Continuity and Differentiability",Derivatives of order up to two,CH-11b,listed,listed,not_applicable,"J-PDF p1 Mathematics U7; A-PDF pp11-12 Differential Calculus; p9 Sets, Relations and Functions (special functions)",conditional,topic audit pending,candidate: packages/scene-engine/src/compile/calculusGeometry.ts (curve_anchor; curve_secant; curve_derivative; bounded analytic callbacks only),First/second derivative correspondence; inflection candidates with and without sign change; singular endpoints,Independent repeated analytic differentiation gives y''; check concavity signs rather than inferring an inflection from y''=0 alone; undefined second derivatives reject,S0; S2; CH-11a
maths|7|mean-value-theorems,maths|7,"Limit, Continuity and Differentiability",Rolle's and Lagrange's mean value theorems,CH-11c,supplemental,listed,not_applicable,"J-PDF p1 Mathematics U7; A-PDF pp11-12 Differential Calculus; p9 Sets, Relations and Functions (special functions)",required,topic audit pending,none,Rolle equal-endpoint case; Lagrange secant slope; multiple valid c; violated continuity/differentiability hypotheses,Independent f'(c)=(f(b)-f(a))/(b-a) and interval membership; Rolle also requires equal endpoint values; a cusp/pole or endpoint-only c rejects certification,S0; S2; CH-11a; CH-11b
maths|7|applications-of-derivatives,maths|7,"Limit, Continuity and Differentiability",Rate of change of quantities,CH-11c,listed,application,not_applicable,"J-PDF p1 Mathematics U7; A-PDF pp11-12 Differential Calculus; p9 Sets, Relations and Functions (special functions)",conditional,topic audit pending,candidate: packages/scene-engine/src/compile/calculusGeometry.ts (curve_anchor; curve_secant; curve_derivative; bounded analytic callbacks only),Source-defined rates and related rates; explicit variables/units; signed increasing/decreasing quantities,Independent chain differentiation of the stated relation and dimensional checks verify the rate; reject invented rate assumptions or display slope used as a physical value,S0; S2; CH-11a; CH-11b
maths|7|monotonic-functions,maths|7,"Limit, Continuity and Differentiability",Monotonic increasing and decreasing functions,CH-11c,listed,listed,not_applicable,"J-PDF p1 Mathematics U7; A-PDF pp11-12 Differential Calculus; p9 Sets, Relations and Functions (special functions)",required,topic audit pending,none,Increasing/decreasing intervals; stationary points; disconnected domain; nonstrict versus strict claims,Independent derivative signs plus interval reasoning establish monotonicity; a pole partitions the domain; zero derivative at one point does not imply a constant function,S0; S2; CH-11a; CH-11b
maths|7|maxima-and-minima,maths|7,"Limit, Continuity and Differentiability",Maxima and minima of functions of one variable,CH-11c,listed,listed,not_applicable,"J-PDF p1 Mathematics U7; A-PDF pp11-12 Differential Calculus; p9 Sets, Relations and Functions (special functions)",required,topic audit pending,none,Local/global extrema; closed/open interval endpoints; nondifferentiable candidates; flat stationary nonextrema,Independent candidate enumeration includes legal endpoints and corners; compare values and sign changes; reject global maximum claims on an unbounded or unattained domain without proof,S0; S2; CH-11a; CH-11b
maths|7|tangents-and-normals,maths|7,"Limit, Continuity and Differentiability",Tangents and normals,CH-11b,application,listed,not_applicable,"J-PDF p1 Mathematics U7; A-PDF pp11-12 Differential Calculus; p9 Sets, Relations and Functions (special functions)",required,topic audit pending,candidate: packages/scene-engine/src/compile/calculusGeometry.ts (curve_anchor; curve_secant; curve_derivative; bounded analytic callbacks only),Nonzero/zero finite slope; vertical tangent; implicit contact; normal and secant distinction,Contact satisfies the curve equation and tangent direction agrees with independent derivative or gradient; normal is perpendicular in the source plane; reject a secant labeled tangent or reciprocal slope at zero,S0; S2; CH-11a
maths|8|antiderivative-and-fundamental-integrals,maths|8,Integral Calculus,"Integral as an anti-derivative and fundamental integrals involving algebraic, trigonometric, exponential, and logarithmic functions",CH-12a,listed,listed,not_applicable,J-PDF pp1-2 Mathematics U8; A-PDF p12 Integral Calculus,conditional,topic audit pending,none,Algebraic/trig/exponential/log antiderivatives; integration constant; connected domain components,Differentiate the proposed primitive independently and recover the integrand on each legal interval; reject a missing domain exclusion or treating one C as forced across disconnected domains,S0; S2; CH-11b
maths|8|integration-methods,maths|8,Integral Calculus,Integration by substitution,CH-12a,listed,listed,not_applicable,J-PDF pp1-2 Mathematics U8; A-PDF p12 Integral Calculus,conditional,topic audit pending,none,One-to-one/local substitution; inverse domain; transformed differential; definite limits when supplied,Differentiate the substituted primitive independently; dx factor and domain agree; reject missing Jacobian or illegal inverse substitution; purely symbolic work may stay text-only,S0; S2; CH-11b
maths|8|integration-by-parts,maths|8,Integral Calculus,Integration by parts,CH-12a,listed,listed,not_applicable,J-PDF pp1-2 Mathematics U8; A-PDF p12 Integral Calculus,conditional,topic audit pending,none,Polynomial-times-exponential/trig/log products; boundary term in definite integrals,Differentiate uv-integral(v du) independently; check boundary contributions when limits exist; reject swapped differential signs or omitted boundary term,S0; S2; CH-11b
maths|8|integration-by-partial-fractions,maths|8,Integral Calculus,Integration by partial fractions,CH-12a,listed,listed,not_applicable,J-PDF pp1-2 Mathematics U8; A-PDF p12 Integral Calculus,conditional,topic audit pending,none,Distinct/repeated linear factors; irreducible quadratic; polynomial division first; real poles,Independent recombination of fractions recovers the rational function; differentiate the primitive; reject unsupported intervals crossing poles and incomplete repeated-factor decomposition,S0; S2; CH-11b
maths|8|integration-using-trigonometric-identities,maths|8,Integral Calculus,Integration using trigonometric identities,CH-12a,listed,application,not_applicable,J-PDF pp1-2 Mathematics U8; A-PDF p12 Integral Calculus,conditional,topic audit pending,none,Squared/product trig identities; tangent substitutions; zeros and poles; periodic branches,Independent identity equality and derivative of primitive hold on the common domain; reject an identity that removes an excluded tangent pole,S0; S2; CH-11b
maths|8|standard-integrals-irrational-forms,maths|8,Integral Calculus,Standard integrals involving square-root linear and quadratic forms,CH-12a,listed,application,not_applicable,J-PDF pp1-2 Mathematics U8; A-PDF p12 Integral Calculus,conditional,topic audit pending,none,"J-PDF p2 radical standard forms sqrt(a^2 +/- x^2), sqrt(x^2-a^2), sqrt(ax^2+bx+c); linear degeneration; sign/domain branches","Independent differentiation and radicand inequalities verify each primitive; reject wrong real branch, negative radicand, or a denominator endpoint treated as regular; formulas were checked against the PDF image",S0; S2; CH-11b
maths|8|integral-as-limit-of-sum,maths|8,Integral Calculus,Integral as the limit of a sum,CH-12b,application,listed,not_applicable,J-PDF pp1-2 Mathematics U8; A-PDF p12 Integral Calculus,required,topic audit pending,none,Left/right/midpoint partitions; nonuniform partitions; finite bounded integrable curve; signed rectangles,Independent finite sums and refinement error bound approach the integral; widths and signs are source-derived; a finite sum is labeled approximate rather than an exact integral,S0; S2; CH-12a; CH-06c
maths|8|fundamental-theorem-of-calculus,maths|8,Integral Calculus,Fundamental theorem of calculus,CH-12a,listed,listed,not_applicable,J-PDF pp1-2 Mathematics U8; A-PDF p12 Integral Calculus,conditional,topic audit pending,none,Accumulation F(x); derivative-integrand relation; endpoint evaluation; continuous versus singular integrands,Independent F'(x)=f(x) where hypotheses hold and integral_a^b f=G(b)-G(a); reject use across an undefined interval without a separately approved improper contract,S0; S2; CH-11b
maths|8|properties-of-definite-integrals,maths|8,Integral Calculus,Properties of definite integrals,CH-12b,listed,listed,not_applicable,J-PDF pp1-2 Mathematics U8; A-PDF p12 Integral Calculus,conditional,topic audit pending,none,Reversed limits; interval additivity; even/odd symmetry; piecewise splits; unequal domains,Independent split integration verifies sign and symmetry identities on the stated domain; reject symmetry over a pole or a domain not symmetric about the center,S0; S2; CH-12a; CH-06c
maths|8|evaluation-of-definite-integrals,maths|8,Integral Calculus,Evaluation of definite integrals,CH-12b,listed,listed,not_applicable,J-PDF pp1-2 Mathematics U8; A-PDF p12 Integral Calculus,conditional,topic audit pending,none,Signed positive/negative lobes; finite bounds; exact primitive versus error-bounded numerical value,Independent antiderivative endpoint difference or certified quadrature verifies the result; a sign change is not converted to absolute area; undefined integral cannot receive a finite exact label,S0; S2; CH-12a; CH-06c
maths|8|substitution-in-definite-integrals,maths|8,Integral Calculus,Substitution in definite integrals,CH-12b,application,application,not_applicable,J-PDF pp1-2 Mathematics U8; A-PDF p12 Integral Calculus,conditional,topic audit pending,none,Transformed endpoints; reversed orientation; piecewise monotone substitution; Jacobian signs,Independent original/transformed integrals agree with correct limits and factors; reject reusing old bounds after substitution or losing a reversed sign,S0; S2; CH-12a; CH-06c
maths|8|areas-bounded-by-curves,maths|8,Integral Calculus,Area under a simple curve in standard form,CH-12b,listed,listed,not_applicable,J-PDF pp1-2 Mathematics U8; A-PDF p12 Integral Calculus,required,topic audit pending,none,Curve and coordinate boundary; positive/negative lobes; multiple crossings; finite enclosed region,Independent intersection roots partition the region; integrate absolute height for geometric area; every filled point satisfies region inequalities; reject filling across a pole or unbounded enclosure,S0; S2; CH-12a; CH-06c
maths|8|area-between-two-curves,maths|8,Integral Calculus,Area of the region bounded by two simple curves,CH-12b,listed,listed,not_applicable,J-PDF pp1-2 Mathematics U8; A-PDF p12 Integral Calculus,required,topic audit pending,none,Two or more intersections; upper/lower swaps; tangent contact; disconnected lobes; source-defined finite bounds,Enumerate all bounding intersections and integrate top-minus-bottom on each partition; independently verify region membership; reject missed crossings or an invented closed region,S0; S2; CH-12a; CH-06c
maths|9|order-and-degree,maths|9,Differential Equations,"Ordinary differential equations, their order, and their degree",CH-13a,listed,application,not_applicable,J-PDF p2 Mathematics U9; A-PDF p12 Integral Calculus (formation and first-order ODEs),text_only,topic audit pending,none,Polynomial-in-derivatives equations; highest derivative; radical/nonpolynomial derivative forms; equivalent legal reduction,Independently identify derivative order and degree only where polynomial dependence is defined; a sine of y' has no polynomial degree; text-only classification needs no decorative curve,S0; S2; CH-12a
maths|9|formation-of-differential-equation,maths|9,Differential Equations,Formation of a differential equation by eliminating arbitrary constants,CH-13a,supplemental,listed,not_applicable,J-PDF p2 Mathematics U9; A-PDF p12 Integral Calculus (formation and first-order ODEs),conditional,topic audit pending,none,One/two-constant curve families; eliminate all independent constants; singular family members,Independent substitution of the full family into the derived ODE and parameter elimination verify the result; reject spurious solutions from dividing by a zero family factor,S0; S2; CH-12a
maths|9|separation-of-variables,maths|9,Differential Equations,Solution of differential equations by the method of separation of variables,CH-13a,listed,listed,not_applicable,J-PDF p2 Mathematics U9; A-PDF p12 Integral Calculus (formation and first-order ODEs),conditional,topic audit pending,none,dy/dx=f(x)g(y); constant equilibrium solutions; excluded zeros; legal intervals,Differentiate and substitute each displayed solution independently; recover equilibria lost by division; reject curves crossing a singular domain without justification,S0; S2; CH-12a
maths|9|homogeneous-differential-equations,maths|9,Differential Equations,Solution of homogeneous differential equations,CH-13a,listed,listed,not_applicable,J-PDF p2 Mathematics U9; A-PDF p12 Integral Calculus (formation and first-order ODEs),conditional,topic audit pending,none,First-order homogeneous y/x form; y=vx substitution; x=0 exclusions; branches,Independent rescaling homogeneity and substitution into the original ODE verify curves; reject a nonhomogeneous RHS or a branch crossing x=0 without a valid extension,S0; S2; CH-12a
maths|9|linear-differential-equations,maths|9,Differential Equations,Solution of linear differential equations of the type dy/dx + p(x)y = q(x),CH-13b,listed,listed,not_applicable,J-PDF p2 Mathematics U9; A-PDF p12 Integral Calculus (formation and first-order ODEs),conditional,topic audit pending,none,y'+p(x)y=q(x); constant/variable coefficients; homogeneous/nonhomogeneous families; singular coefficients,Independent derivative substitution gives residual zero on the interval; nonlinear y^2 term rejects the linear contract; preserve the complete constant family,S0; S2; CH-13a
maths|9|integrating-factor,maths|9,Differential Equations,Integrating factor for a first-order linear differential equation,CH-13b,application,application,not_applicable,J-PDF p2 Mathematics U9; A-PDF p12 Integral Calculus (formation and first-order ODEs),conditional,topic audit pending,none,mu=exp(integral p dx); source interval; equivalent nonzero constant multiples,Independent product differentiation (mu*y)'=mu*q verifies the factor and solution; reject a zero or incorrectly signed integrating factor,S0; S2; CH-13a
maths|9|initial-value-problems,maths|9,Differential Equations,Particular solutions of differential equations with given conditions,CH-13b,application,application,not_applicable,J-PDF p2 Mathematics U9; A-PDF p12 Integral Calculus (formation and first-order ODEs),required,topic audit pending,none,One initial condition for first-order families; source point inside/outside domain; incompatible or nonunique singular conditions,Independent ODE residual and y(x0)=y0 establish the selected curve; uniqueness is claimed only under checked hypotheses; incompatible conditions reject rather than shift a plausible curve,S0; S2; CH-13a
maths|9|rate-growth-and-decay,maths|9,Differential Equations,"Growth, decay, and other rate problems as differential equations",CH-13c,application,application,not_applicable,J-PDF p2 Mathematics U9; A-PDF p12 Integral Calculus (formation and first-order ODEs),conditional,topic audit pending,none,Explicit growth/decay y'=ky; signed k; initial stock; other stated separable/linear rate models,Independent y=y0*exp(k(x-x0)) or model-specific residual/initial condition verifies the curve; rate signs and units agree; unstated model assumptions reject,S0; S2; CH-13b
maths|3|matrices-and-types,maths|3,Matrices and Determinants,Types of matrices,CH-14a,listed,listed,not_applicable,J-PDF p1 Mathematics U3; A-PDF p10 Matrices,conditional,topic audit pending,none,Rectangular/square/row/column/zero/identity/diagonal matrices; explicit dimensions and entries; Advanced real-entry baseline,Check dimensions and defining entry conditions independently; reject a rectangular inverse or mislabeled diagonal matrix; unsupported type catalogues require their own scope decision,S0
maths|3|matrix-algebra,maths|3,Matrices and Determinants,"Algebra of matrices, including multiplication",CH-14a,listed,listed,not_applicable,J-PDF p1 Mathematics U3; A-PDF p10 Matrices,conditional,topic audit pending,none,Equal/different dimensions; scalar/addition/product; rectangular products; AB unequal to BA,Compute each product entry as a row-column sum; reject incompatible dimensions; independently exhibit noncommutativity without inventing a geometric transform,S0
maths|3|transpose-symmetric-and-skew-symmetric,maths|3,Matrices and Determinants,Transpose and symmetric and skew-symmetric matrices,CH-14a,application,listed,not_applicable,J-PDF p1 Mathematics U3; A-PDF p10 Matrices,conditional,topic audit pending,none,Rectangular transpose; real symmetric/skew-symmetric matrices; diagonal zero requirement for skew symmetry,"Check A^T entrywise, A=A^T or A=-A^T; a nonzero skew diagonal rejects; pure entry calculations may legitimately stay text-only",S0
maths|3|determinants-order-two-and-three,maths|3,Matrices and Determinants,Determinants and matrices of order two and three,CH-14b,listed,listed,not_applicable,J-PDF p1 Mathematics U3; A-PDF p10 Matrices,conditional,topic audit pending,none,2x2/3x3 determinant grids; orientation and zero determinant; square-only domain,Independent expansion or permutation sum agrees for both orders; row exchange reverses sign; reject nonsquare determinant requests,S0; CH-14a; CH-06a
maths|3|determinant-evaluation,maths|3,Matrices and Determinants,Evaluation of determinants,CH-14b,listed,listed,not_applicable,J-PDF p1 Mathematics U3; A-PDF p10 Matrices,conditional,topic audit pending,none,Sparse/dense 2x2/3x3 entries; symbolic parameter zeros; different expansion rows,Compute by two independent expansions or exact small-case permutation sum; preserve sign and zero cases; unsupported order is not silently truncated,S0; CH-14a; CH-06a
maths|3|determinant-properties,maths|3,Matrices and Determinants,Properties of determinants,CH-14b,application,listed,not_applicable,J-PDF p1 Mathematics U3; A-PDF p10 Matrices,conditional,topic audit pending,none,Row swap/scaling/addition; repeated/proportional rows; determinant of product,Independent recalculation confirms sign/scaling/invariance and det(AB)=det(A)det(B); reject an operation ledger using column scaling as row addition,S0; CH-14a; CH-06a
maths|3|triangle-area-using-determinants,maths|3,Matrices and Determinants,Area of triangles using determinants,CH-14b,listed,application,not_applicable,J-PDF p1 Mathematics U3; A-PDF p10 Matrices,required,topic audit pending,none,Clockwise/counterclockwise triangles; translated vertices; collinear degeneration,"Compare abs(det([x,y,1]))/2 with independent base-height or shoelace area; orientation changes signed determinant not area; collinear vertices give zero rather than a filled triangle",S0; CH-14a; CH-06a
maths|3|adjoint-and-inverse,maths|3,Matrices and Determinants,Adjoint of a square matrix,CH-14b,listed,listed,not_applicable,J-PDF p1 Mathematics U3; A-PDF p10 Matrices,conditional,topic audit pending,none,2x2/3x3 cofactor-transpose grids; singular and nonsingular matrices,Check each signed minor and A*adj(A)=det(A)I independently; reject an untransposed cofactor grid labeled adjoint; singular matrices may still have an adjoint,S0; CH-14a; CH-06a
maths|3|inverse-of-a-square-matrix,maths|3,Matrices and Determinants,Inverse of a square matrix,CH-14b,listed,listed,not_applicable,J-PDF p1 Mathematics U3; A-PDF p10 Matrices,conditional,topic audit pending,candidate: packages/scene-engine/src/compile/affineGeometry.ts (2x2 inverse transform only; not a matrix-grid or system solver),2x2/3x3 inverses; singular/near-singular cases; exact rational entries,Check both AA^-1 and A^-1A equal I using independent arithmetic; singular inverse rejects atomically; numerical near-singularity needs stated certification limits,S0; CH-14a; CH-06a
maths|3|singular-and-non-singular-matrices,maths|3,Matrices and Determinants,Singular and non-singular matrices,CH-14b,application,application,not_applicable,J-PDF p1 Mathematics U3; A-PDF p10 Matrices,conditional,topic audit pending,none,Zero determinant; dependent rows; invertible versus noninvertible examples; parameter thresholds,Independently compare determinant and nullspace witnesses; singularity is not inferred from a projected shape; reject a claimed inverse at a singular parameter,S0; CH-14a; CH-06a
maths|3|linear-systems-using-matrices,maths|3,Matrices and Determinants,Test of consistency of simultaneous linear equations in two or three variables,CH-14c,listed,application,not_applicable,J-PDF p1 Mathematics U3; A-PDF p10 Matrices,required,topic audit pending,none,Two/three variables; unique/infinite/no solutions; coincident/parallel lines and planes,"Independent elimination and equation residuals establish solution set; rank(A) versus rank([A,b]) determines consistency; reject a unique-intersection drawing for inconsistent or dependent equations",S0; S3; CH-14a; CH-14b; CH-18c (only plane representations)
maths|3|solution-by-matrix-inverse,maths|3,Matrices and Determinants,Solution of linear systems using the inverse of a matrix,CH-14c,listed,application,not_applicable,J-PDF p1 Mathematics U3; A-PDF p10 Matrices,conditional,topic audit pending,none,Invertible two/three-variable systems; singular coefficient matrix; exact solutions,"Compute x=A^-1b and verify Ax=b independently; singular inputs must use a separately justified consistency result or decline, never a fabricated inverse",S0; S3; CH-14a; CH-14b; CH-18c (only plane representations)
maths|3|cramers-rule,maths|3,Matrices and Determinants,Cramer's rule for linear systems,CH-14c,application,application,not_applicable,J-PDF p1 Mathematics U3; A-PDF p10 Matrices,conditional,topic audit pending,none,2x2/3x3 systems; nonzero determinant; zero-determinant exceptional systems,Independent determinant ratios match direct elimination when det(A) is nonzero; zero denominator rejects Cramer use and does not imply no solutions by itself,S0; S3; CH-14a; CH-14b; CH-18c (only plane representations)
maths|3|elementary-operations-and-rank,maths|3,Matrices and Determinants,Elementary operations on matrices,CH-14c,application,listed,not_applicable,J-PDF p1 Mathematics U3; A-PDF p10 Matrices,conditional,topic audit pending,none,Elementary row/column transformations; augmented row operations; inverse reduction; bounded real matrices,"Track each operation and independently verify the resulting entries; row operations on [A,b] preserve the solution set; column operations need variable tracking; explicit rank syllabus is not inferred from this ID",S0; S3; CH-14a; CH-14b; CH-18c (only plane representations)
maths|6|arithmetic-and-geometric-progressions,maths|6,Sequence and Series,Arithmetic progressions,CH-15a,listed,listed,not_applicable,J-PDF p1 Mathematics U6; A-PDF p9 Algebra (AP/GP; finite sums; infinite GP; natural-number sums),conditional,topic audit pending,none,AP with positive/negative/zero difference; finite indexed points; missing-term reconstruction,Independent t_n=a+(n-1)d and consecutive differences agree; discrete points retain integer indices; reject an interpolating continuum claim,S0
maths|6|geometric-progression,maths|6,Sequence and Series,Geometric progressions,CH-15a,listed,listed,not_applicable,J-PDF p1 Mathematics U6; A-PDF p9 Algebra (AP/GP; finite sums; infinite GP; natural-number sums),conditional,topic audit pending,none,GP with positive/negative/zero/unit ratio; alternating signs; finite index range,Independent t_n=a*r^(n-1) and direct recurrence agree including r=0 convention; reject ratios inferred by dividing zero terms and an invented continuous curve,S0
maths|6|sum-of-ap-and-gp,maths|6,Sequence and Series,Sum of n terms of an AP and a GP,CH-15b,application,listed,not_applicable,J-PDF p1 Mathematics U6; A-PDF p9 Algebra (AP/GP; finite sums; infinite GP; natural-number sums),conditional,topic audit pending,none,Finite AP/GP partial sums; r=1 limit case; alternating GP; n=0 empty sum,Direct small summation agrees with AP/GP sum identities; r=1 uses S_n=na; reject zero-denominator formula use and noninteger term count,S0; CH-15a
maths|6|infinite-gp,maths|6,Sequence and Series,Sum of an infinite geometric progression,CH-15b,supplemental,listed,not_applicable,J-PDF p1 Mathematics U6; A-PDF p9 Algebra (AP/GP; finite sums; infinite GP; natural-number sums),conditional,topic audit pending,none,Convergent abs(r)<1; alternating ratio; r=1/-1 and abs(r)>1 divergence,Independently compare partial sums and limit a/(1-r) with a tail bound; divergent nonzero GP cannot receive a finite-sum label; zero-sequence exceptions are stated,S0; CH-15a
maths|6|insertion-of-means,maths|6,Sequence and Series,Insertion of arithmetic and geometric means between two given numbers,CH-15a,listed,listed,not_applicable,J-PDF p1 Mathematics U6; A-PDF p9 Algebra (AP/GP; finite sums; infinite GP; natural-number sums),conditional,topic audit pending,none,Specified number of inserted arithmetic/geometric means; positive endpoints; reversed endpoints; separately declared signed GP choices,Independent equal differences or ratios connect both endpoints with the correct index count; reject incompatible geometric-root/domain assumptions or missing sign branches,S0
maths|6|am-gm-relation,maths|6,Sequence and Series,Relation between A.M. and G.M.,CH-15c,listed,application,not_applicable,J-PDF p1 Mathematics U6; A-PDF p9 Algebra (AP/GP; finite sums; infinite GP; natural-number sums),conditional,topic audit pending,none,Two or finitely many positive entries; equality at equal entries; constrained product/sum,Independent arithmetic/geometric means obey AM>=GM and equality conditions; nonpositive entries reject the positive-domain inequality; text-only inequality work needs no decorative area,S0; CH-15a
maths|6|properties-of-ap-and-gp,maths|6,Sequence and Series,Standard term relations in AP and GP,CH-15a,application,application,not_applicable,J-PDF p1 Mathematics U6; A-PDF p9 Algebra (AP/GP; finite sums; infinite GP; natural-number sums),conditional,topic audit pending,none,Equidistant AP terms; GP term products; unknown first term/ratio; zero-term exceptions,Independent recurrence verifies each claimed relation and recovered parameters; reject extraneous solutions produced by division by zero,S0
maths|6|special-series-sums,maths|6,Sequence and Series,"Sum up to n terms of special series such as Sn, Sn^2, and Sn^3",CH-15b,supplemental,listed,not_applicable,J-PDF p1 Mathematics U6; A-PDF p9 Algebra (AP/GP; finite sums; infinite GP; natural-number sums),conditional,topic audit pending,none,Sums of first n natural numbers/squares/cubes; n=0/1; finite accumulation,"Independent direct small sums and difference S_n-S_(n-1)=n^k verify formulas for k=1,2,3; reject interpreting Sn^2 label as square of sum without a declared meaning",S0; CH-15a
maths|6|arithmetico-geometric-progression,maths|6,Sequence and Series,Arithmetico-geometric progression,CH-15b,supplemental,supplemental,not_applicable,J-PDF p1 Mathematics U6; A-PDF p9 Algebra (AP/GP; finite sums; infinite GP; natural-number sums),conditional,topic audit pending,none,Supplemental finite sum of (a+kd)r^k; r=0/1; optional convergent infinite extension explicitly separate,Direct finite enumeration checks each sum; any infinite extension needs abs(r)<1 and a tail proof; general convergence-test coverage is not inferred,S0; CH-15a
maths|6|mixed-ap-gp-problems,maths|6,Sequence and Series,Mixed arithmetic and geometric progression problems,CH-15a,application,application,not_applicable,J-PDF p1 Mathematics U6; A-PDF p9 Algebra (AP/GP; finite sums; infinite GP; natural-number sums),conditional,topic audit pending,none,Shared terms satisfying AP and GP constraints; positive/signed choices; multiple or impossible solutions,Solve and independently substitute every candidate into both recurrences; enumerate all bounded branches and reject incompatible source constraints,S0
maths|5|binomial-theorem,maths|5,Binomial Theorem and its Simple Applications,Binomial theorem for a positive integral index,CH-16a,listed,listed,not_applicable,J-PDF p1 Mathematics U5; A-PDF p9 Algebra (positive integral binomial theorem and coefficients),conditional,topic audit pending,candidate: packages/scene-engine/src/compile/combinatoricsGeometry.ts (subset_lattice; rank/binomial counts only; not expansion algebra),"Nonnegative integer exponent with n=0 boundary; positive-index baseline; symbolic a,b; bounded coefficient row",Independent polynomial multiplication matches every coefficient and substitution value; negative/fractional infinite expansion rejects this finite contract,S0
maths|5|general-and-middle-term,maths|5,Binomial Theorem and its Simple Applications,General term in a binomial expansion,CH-16a,listed,application,not_applicable,J-PDF p1 Mathematics U5; A-PDF p9 Algebra (positive integral binomial theorem and coefficients),conditional,topic audit pending,none,T_(r+1) versus r indexing; exponent pairs; specified term or power; endpoint terms,"Check C(n,r)a^(n-r)b^r against direct small expansion; reject off-by-one index or r outside 0..n; pure term calculation may stay text-only",S0
maths|5|middle-term,maths|5,Binomial Theorem and its Simple Applications,Middle term in a binomial expansion,CH-16a,listed,application,not_applicable,J-PDF p1 Mathematics U5; A-PDF p9 Algebra (positive integral binomial theorem and coefficients),conditional,topic audit pending,none,Even n has one middle term; odd n has two; n=1/2 and larger bounded examples,Enumerate n+1 terms and verify central index/indices independently; reject presenting only one middle term for odd n,S0
maths|5|binomial-coefficient-properties,maths|5,Binomial Theorem and its Simple Applications,Properties of binomial coefficients,CH-16b,application,listed,not_applicable,J-PDF p1 Mathematics U5; A-PDF p9 Algebra (positive integral binomial theorem and coefficients),conditional,topic audit pending,candidate: packages/scene-engine/src/compile/combinatoricsGeometry.ts (subset_lattice; rank/binomial counts only; not expansion algebra),Symmetry; Pascal recurrence; adjacent coefficient ratio; endpoint coefficients,"Independent combinatorial enumeration verifies C(n,r)=C(n,n-r) and Pascal addition; reject mismatched neighboring indices and coefficients outside the finite row",S0; CH-16a; CH-17a
maths|5|greatest-term-in-expansion,maths|5,Binomial Theorem and its Simple Applications,Numerically greatest term in a binomial expansion,CH-16b,application,application,not_applicable,J-PDF p1 Mathematics U5; A-PDF p9 Algebra (positive integral binomial theorem and coefficients),conditional,topic audit pending,none,"Positive numeric a,b; adjacent-term ratios; tied maxima; signed terms as separately defined magnitude problem",Compare all finite terms independently and verify ratio-based maximum; reject a greatest-positive-term claim based on absolute values without stating the convention,S0; CH-16a; CH-17a
maths|5|sum-of-binomial-coefficients,maths|5,Binomial Theorem and its Simple Applications,Sum of binomial coefficients,CH-16b,application,application,not_applicable,J-PDF p1 Mathematics U5; A-PDF p9 Algebra (positive integral binomial theorem and coefficients),conditional,topic audit pending,candidate: packages/scene-engine/src/compile/combinatoricsGeometry.ts (subset_lattice; rank/binomial counts only; not expansion algebra),All/even/odd/weighted coefficient sums; n=0 boundary; substitution at 1 and -1,Direct finite summation agrees with independently substituted polynomial values; even/odd split handles n=0 separately; an infinite-row inference rejects,S0; CH-16a; CH-17a
maths|5|binomial-remainder-problems,maths|5,Binomial Theorem and its Simple Applications,Divisibility and remainder problems using the binomial theorem,CH-16b,application,application,not_applicable,J-PDF p1 Mathematics U5; A-PDF p9 Algebra (positive integral binomial theorem and coefficients),text_only,topic audit pending,none,Integer bases/exponents; modular reductions; divisibility and stated remainder modulus,Independent modular exponentiation checks the binomial remainder; modulus must be a positive integer; text-only is legitimate for arithmetic with no structural figure obligation,S0; CH-16a; CH-17a
maths|5|simple-applications,maths|5,Binomial Theorem and its Simple Applications,Simple applications of the binomial theorem,CH-16b,listed,application,not_applicable,J-PDF p1 Mathematics U5; A-PDF p9 Algebra (positive integral binomial theorem and coefficients),conditional,topic audit pending,none,Coefficient extraction in composed positive-index products; stated powers; bounded identities,Direct small polynomial convolution and substitution verify extracted coefficients; reject a term outside the polynomial degree and unsupported infinite series,S0; CH-16a; CH-17a
maths|4|counting-principle,maths|4,Permutations and Combinations,Fundamental principle of counting,CH-17a,listed,application,not_applicable,J-PDF p1 Mathematics U4; A-PDF p9 Algebra (permutations and combinations); p10 Probability and Statistics (event counts),conditional,topic audit pending,none,Product-rule stages; disjoint sum-rule branches; dependent choices; zero available choices,Enumerate bounded tuples and compare sums/products; dependent stages use conditional branch counts; overlapping cases reject naive addition,S0
maths|4|permutations-and-combinations,maths|4,Permutations and Combinations,Permutations,CH-17a,listed,listed,not_applicable,J-PDF p1 Mathematics U4; A-PDF p9 Algebra (permutations and combinations); p10 Probability and Statistics (event counts),conditional,topic audit pending,candidate: packages/scene-engine/src/compile/combinatoricsGeometry.ts (permutation_cycles; explicit bijections only; not general r-arrangements),Ordered r-selections of distinct n items; r=0/n; identity versus swapped order,Enumerate small ordered tuples and compare n!/(n-r)!; distinct orders stay distinct; invalid r or duplicated supposedly distinct items reject,S0
maths|4|combinations,maths|4,Permutations and Combinations,Combinations,CH-17a,listed,listed,not_applicable,J-PDF p1 Mathematics U4; A-PDF p9 Algebra (permutations and combinations); p10 Probability and Statistics (event counts),conditional,topic audit pending,candidate: packages/scene-engine/src/compile/combinatoricsGeometry.ts (subset_lattice; bounded rank counts only; restrictions need a separate audit),Unordered r-subsets; empty/full selections; complement pairing,Enumerate subsets and compare n!/(r!(n-r)!); deduplicate orderings; reject duplicate elements and invalid selection rank,S0
maths|4|npr-and-ncr,maths|4,Permutations and Combinations,"Meaning of P(n, r) and C(n, r)",CH-17a,listed,application,not_applicable,J-PDF p1 Mathematics U4; A-PDF p9 Algebra (permutations and combinations); p10 Probability and Statistics (event counts),text_only,topic audit pending,none,"Integer n,r with 0<=r<=n; n=0; contrast ordered/unordered count-only expressions","Compare formulas with independent small enumeration and P(n,r)=r!C(n,r); justify text-only when no object-level choice is asked; invalid factorial inputs reject",S0
maths|4|circular-permutations,maths|4,Permutations and Combinations,Circular permutations,CH-17b,application,application,not_applicable,J-PDF p1 Mathematics U4; A-PDF p9 Algebra (permutations and combinations); p10 Probability and Statistics (event counts),conditional,topic audit pending,none,Labeled people on a circle; rotations equivalent; reflections equivalent only when stated; fixed seats as separate case,Enumerate cyclic rotation orbits for small n; (n-1)! applies only to free rotation; reject dividing by two without reflection equivalence; permutation cycle notation is not a seating proof,S0; CH-17a
maths|4|permutations-with-repetition,maths|4,Permutations and Combinations,Permutations with repetition,CH-17b,application,application,not_applicable,J-PDF p1 Mathematics U4; A-PDF p9 Algebra (permutations and combinations); p10 Probability and Statistics (event counts),conditional,topic audit pending,none,Repeated-symbol multiset arrangements versus repeated-choice slots; explicit multiplicities and length,Enumerate distinct words and compare n!/product(m_i!) or n^r for the appropriate model; reject conflating identical objects with replacement choices,S0; CH-17a
maths|4|combinations-with-restrictions,maths|4,Permutations and Combinations,Combinations with restrictions and complementary counting,CH-17b,application,application,not_applicable,J-PDF p1 Mathematics U4; A-PDF p9 Algebra (permutations and combinations); p10 Probability and Statistics (event counts),conditional,topic audit pending,candidate: packages/scene-engine/src/compile/combinatoricsGeometry.ts (subset_lattice; bounded rank counts only; restrictions need a separate audit),At least/at most/exactly constraints; mandatory/forbidden elements; complementary counting,Enumerate feasible subsets independently; complement has a stated universe and no overlap; impossible constraints yield zero not invented selections,S0; CH-17a
maths|4|division-into-groups,maths|4,Permutations and Combinations,Division of objects into groups,CH-17b,application,application,not_applicable,J-PDF p1 Mathematics U4; A-PDF p9 Algebra (permutations and combinations); p10 Probability and Statistics (event counts),conditional,topic audit pending,none,Labeled/unlabeled equal or unequal groups; empty groups only if allowed; indistinguishable objects distinguished explicitly,Enumerate partitions and compare multinomial counts with the appropriate equal-group symmetry divisor; reject division by a symmetry factor for labeled groups,S0; CH-17a
maths|4|simple-applications,maths|4,Permutations and Combinations,"Simple applications of permutations and combinations, including word and number formation",CH-17a,listed,application,not_applicable,J-PDF p1 Mathematics U4; A-PDF p9 Algebra (permutations and combinations); p10 Probability and Statistics (event counts),conditional,topic audit pending,none,Word/number formation; leading-zero exclusion; adjacent/nonadjacent conditions; no repeated digit versus replacement,Independent bounded enumeration obeys every stated restriction; counts with leading zero or duplicate forbidden words reject; a pure formula result may stay text-only,S0
maths|11|point-distance-and-section,maths|11,Three-Dimensional Geometry,Coordinates of a point in space and distance between two points,CH-18a,listed,listed,not_applicable,J-PDF p2 Mathematics U11; A-PDF p11 Analytical Geometry (three dimensions),required,topic audit pending,none,Points in all octants; coincident points; world versus projected coordinates; common frame,Independent Euclidean 3D distance agrees in the world frame; presentation changes cannot alter it; mixed-frame coordinates reject,S0; S3
maths|11|section-formula-in-space,maths|11,Three-Dimensional Geometry,Section formula in space,CH-18a,listed,application,not_applicable,J-PDF p2 Mathematics U11; A-PDF p11 Analytical Geometry (three dimensions),required,topic audit pending,none,Internal/external division; signed ratios; midpoint; external denominator zero,Independent 3D affine combination and world collinearity/ratio checks agree; reject a finite external point at a zero denominator,S0; S3
maths|11|direction-ratios-and-cosines,maths|11,Three-Dimensional Geometry,Direction ratios and direction cosines,CH-18a,listed,listed,not_applicable,J-PDF p2 Mathematics U11; A-PDF p11 Analytical Geometry (three dimensions),required,topic audit pending,none,Positive/negative/axis-aligned direction triples; equivalent ratios; unit normalization,Independent l^2+m^2+n^2=1 and proportional direction ratios verify orientation; zero direction and mixed world frames reject,S0; S3
maths|11|angle-between-intersecting-lines,maths|11,Three-Dimensional Geometry,Angle between two intersecting lines,CH-18b,listed,listed,not_applicable,J-PDF p2 Mathematics U11; A-PDF p11 Analytical Geometry (three dimensions),required,topic audit pending,none,Intersecting acute/obtuse/perpendicular lines; opposite directions; specified directed/undirected convention,Independent world dot product normalized by lengths gives the angle; common-point incidence is verified when intersection is claimed; projection angle never certifies it,S0; S3; CH-18a
maths|11|equation-of-a-line,maths|11,Three-Dimensional Geometry,Equation of a line,CH-18a,listed,listed,not_applicable,J-PDF p2 Mathematics U11; A-PDF p11 Analytical Geometry (three dimensions),required,topic audit pending,none,Vector/parametric/symmetric forms; zero direction components; source point/direction; line versus ray,Independent substitution and collinearity verify sampled points; zero components become constant coordinates rather than division by zero; zero vector rejects,S0; S3
maths|11|skew-lines,maths|11,Three-Dimensional Geometry,"Skew lines, the shortest distance between them, and its equation",CH-18b,listed,listed,not_applicable,J-PDF p2 Mathematics U11; A-PDF p11 Analytical Geometry (three dimensions),required,topic audit pending,candidate: packages/scene-engine/src/compile/spaceDerivations.ts (space_project; space_closest_points; space_intersection; space_segment; world metadata),Skew/intersecting/parallel/coincident pairs; shortest connector; feet and distance; nearly parallel limitation,Independent connector perpendicular to both directions and scalar triple distance agree for skew lines; parallel case uses its own formula; projected crossing cannot certify intersection,S0; S3; CH-18a
maths|11|plane-equations,maths|11,Three-Dimensional Geometry,Equations of a plane in different forms,CH-18c,supplemental,listed,not_applicable,J-PDF p2 Mathematics U11; A-PDF p11 Analytical Geometry (three dimensions),required,topic audit pending,none,Normal-point/general/intercept/three-point forms; axis-parallel plane; independent normal; collinear input points,Independent n dot (P-P0)=0 for source points and nonzero normal establishes plane identity; three collinear points or zero normal cannot determine a unique plane,S0; S3; CH-18a; CH-18b
maths|11|angle-between-planes,maths|11,Three-Dimensional Geometry,Angle between two planes,CH-18c,supplemental,listed,not_applicable,J-PDF p2 Mathematics U11; A-PDF p11 Analytical Geometry (three dimensions),required,topic audit pending,none,Parallel/perpendicular/oblique planes; normal sign reversal; acute versus directed convention,Independent normal dot products verify world angle; normal scaling/sign changes respect the declared convention; zero normal rejects,S0; S3; CH-18a; CH-18b
maths|11|angle-between-line-and-plane,maths|11,Three-Dimensional Geometry,Angle between a line and a plane,CH-18c,supplemental,listed,not_applicable,J-PDF p2 Mathematics U11; A-PDF p11 Analytical Geometry (three dimensions),required,topic audit pending,none,Line parallel/perpendicular/oblique to plane; direction-normal angle complement; common frame,Independent sin(theta)=abs(d dot n)/(norm(d)*norm(n)) gives inclination; reject using the complementary normal angle or fitted projection angle,S0; S3; CH-18a; CH-18b
maths|11|distance-from-point-to-plane,maths|11,Three-Dimensional Geometry,Distance of a point from a plane,CH-18c,supplemental,listed,not_applicable,J-PDF p2 Mathematics U11; A-PDF p11 Analytical Geometry (three dimensions),required,topic audit pending,candidate: packages/scene-engine/src/compile/spaceDerivations.ts (space_project; space_closest_points; space_intersection; space_segment; world metadata),On/off-plane point; signed side; perpendicular foot; scaled equation coefficients,"Independent abs(n dot P+c)/norm(n), foot incidence and perpendicular connector agree; mixed frame or zero normal rejects",S0; S3; CH-18a; CH-18b
maths|11|line-plane-intersection,maths|11,Three-Dimensional Geometry,Intersection of a line and a plane,CH-18c,supplemental,application,not_applicable,J-PDF p2 Mathematics U11; A-PDF p11 Analytical Geometry (three dimensions),required,topic audit pending,candidate: packages/scene-engine/src/compile/spaceDerivations.ts (space_project; space_closest_points; space_intersection; space_segment; world metadata),Single contact; parallel disjoint; contained line; source parameter and world point,Independent solve of n dot (P0+t*d)+c=0 classifies one/none/infinite contacts; reject a finite unique intersection for a contained or parallel-disjoint line,S0; S3; CH-18a; CH-18b
maths|11|coplanar-lines,maths|11,Three-Dimensional Geometry,Coplanar lines,CH-18c,supplemental,listed,not_applicable,J-PDF p2 Mathematics U11; A-PDF p11 Analytical Geometry (three dimensions),required,topic audit pending,none,Intersecting/parallel/coincident coplanar lines versus skew pair; containing plane when unique,Independent (P2-P1) dot (d1 cross d2)=0 plus parallel-case handling verifies coplanarity; skew false claim rejects; coincident lines do not select an arbitrary unique plane,S0; S3; CH-18a; CH-18b
maths|11|image-of-a-point-in-a-plane,maths|11,Three-Dimensional Geometry,Image of a point in a plane,CH-18c,supplemental,application,not_applicable,J-PDF p2 Mathematics U11; A-PDF p11 Analytical Geometry (three dimensions),required,topic audit pending,candidate: packages/scene-engine/src/compile/spaceDerivations.ts (space_project; space_closest_points; space_intersection; space_segment; world metadata),Off/on-plane point; midpoint perpendicular foot; reflection involution; normal sign reversal,Independent P'=P-2*(n dot P+c)*n/(n dot n) satisfies equal opposite signed distances; midpoint lies in plane; wrong-sign reflection and mixed frames reject,S0; S3; CH-18a; CH-18b
maths|11|intersection-of-two-planes,maths|11,Three-Dimensional Geometry,Intersection of two planes,CH-18c,supplemental,application,not_applicable,J-PDF p2 Mathematics U11; A-PDF p11 Analytical Geometry (three dimensions),required,topic audit pending,candidate: packages/scene-engine/src/compile/spaceDerivations.ts (space_project; space_closest_points; space_intersection; space_segment; world metadata),Oblique pair yields a line; parallel disjoint; coincident planes; line direction and source point,Independent solve of both plane equations and n1 cross n2 direction verifies the line; parallel pair cannot emit a unique intersection line,S0; S3; CH-18a; CH-18b
maths|1|sets-and-operations,maths|1,"Sets, Relations and Functions",Sets and their representation,CH-29a,listed,listed,not_applicable,"J-PDF p1 Mathematics U1; A-PDF p9 Sets, Relations and Functions",conditional,topic audit pending,candidate: packages/scene-engine/src/compile/setGeometry.ts (set_partition; set_select; two/three finite sets only),Roster and property-defined sets; empty/finite/infinite sets; explicit universe and element membership,Compare roster membership with defining predicate on a bounded witness set; reject duplicate or contradictory memberships; justify text-only definition recall,S0
maths|1|union-intersection-complement,maths|1,"Sets, Relations and Functions","Union, intersection, complement, and algebraic properties of sets",CH-29a,listed,listed,not_applicable,"J-PDF p1 Mathematics U1; A-PDF p9 Sets, Relations and Functions",conditional,topic audit pending,candidate: packages/scene-engine/src/compile/setGeometry.ts (set_partition; set_select; two/three finite sets only),Two/three finite sets; disjoint/nested/overlapping sets; complement with stated universe; De Morgan and Advanced symmetric difference,Enumerate membership truth tables and compare selected regions; test missing universe for complement and negative exclusive counts; regions carry no metric-area claim,S0
maths|1|venn-diagrams-and-cardinality,maths|1,"Sets, Relations and Functions",Venn diagrams and cardinality of unions and intersections,CH-29a,application,application,not_applicable,"J-PDF p1 Mathematics U1; A-PDF p9 Sets, Relations and Functions",required,topic audit pending,candidate: packages/scene-engine/src/compile/setGeometry.ts (set_partition; set_select; two/three finite sets only),Two/three-set unions; zero-sized atoms; outside-union count; inclusive versus exclusive intersections,Independent inclusion-exclusion plus element enumeration; each displayed witness has the expected membership mask; inconsistent intersection counts reject atomically,S0
maths|1|power-set,maths|1,"Sets, Relations and Functions",Power set,CH-29a,listed,application,not_applicable,"J-PDF p1 Mathematics U1; A-PDF p9 Sets, Relations and Functions",conditional,topic audit pending,candidate: packages/scene-engine/src/compile/combinatoricsGeometry.ts (subset_lattice; at most four elements),Empty set and sets of 1-4 distinct elements; rank layers; empty/full subsets,"Enumerate all 2^n subsets and rank counts C(n,r); edges add exactly one element; reject duplicate source elements; text-only count-only questions remain eligible for independent review",S0
maths|1|relations,maths|1,"Sets, Relations and Functions",Relations and types of relations,CH-29a,listed,listed,not_applicable,"J-PDF p1 Mathematics U1; A-PDF p9 Sets, Relations and Functions",conditional,topic audit pending,none,Ordered pairs on finite A x B; domain/codomain retained; reflexive/symmetric/transitive versus counterexample relations,Enumerate ordered pairs and independently test each relation property; a missing self-loop or reverse edge must defeat the relevant claim; reject pairs outside A x B,S0
maths|1|equivalence-relations,maths|1,"Sets, Relations and Functions",Equivalence relations,CH-29a,listed,listed,not_applicable,"J-PDF p1 Mathematics U1; A-PDF p9 Sets, Relations and Functions",conditional,topic audit pending,none,Equality/modular equivalence on finite domains; singleton/multiple classes; nontransitive near-miss,Check reflexivity/symmetry/transitivity by all finite triples; partition classes are disjoint and exhaustive; a cross-class link rejects a false equivalence claim,S0
maths|1|functions,maths|1,"Sets, Relations and Functions",Functions: one-one and onto,CH-29b,listed,listed,not_applicable,"J-PDF p1 Mathematics U1; A-PDF p9 Sets, Relations and Functions",conditional,topic audit pending,none,Injective/onto/bijective maps; finite unequal-size domain/codomain; infinite-domain examples with restrictions,Every domain input has one image; enumerate preimages and image set; preserve unused codomain nodes; reject an inverse claim without bijectivity,S0; CH-29a
maths|1|into-and-many-one-functions,maths|1,"Sets, Relations and Functions",Into and many-one functions,CH-29b,review,review,not_applicable,"J-PDF p1 Mathematics U1; A-PDF p9 Sets, Relations and Functions",conditional,topic audit pending,none,Into is explicitly listed; many-one is a mapping application; unused codomain values and collisions; constant function,Enumerate image/preimage counts to distinguish into from many-one; retain codomain; reject a one-one label after a collision; freeze mixed-label exam interpretation separately,S0; CH-29a
maths|1|number-of-relations-and-functions,maths|1,"Sets, Relations and Functions",Number of relations and functions between finite sets,CH-29a,application,application,not_applicable,"J-PDF p1 Mathematics U1; A-PDF p9 Sets, Relations and Functions",conditional,topic audit pending,none,Finite m-element to n-element sets; empty-domain/empty-codomain cases; all relations versus all functions,Enumerate small cases and compare 2^(mn) and n^m with empty-set conventions; relation edges may be multivalued but function edges may not; count-only questions can be text-only,S0
maths|1|function-composition,maths|1,"Sets, Relations and Functions",Composition of functions,CH-29b,listed,listed,not_applicable,"J-PDF p1 Mathematics U1; A-PDF p9 Sets, Relations and Functions",conditional,topic audit pending,none,g after f versus f after g; partially compatible domains; identity and invertible composition,Independently evaluate g(f(x)) on the legal domain; reject omitted intermediate values and wrong order; inverse composition equals identity only on the restricted domain,S0; CH-29a
maths|2|complex-number-representation,maths|2,Complex Numbers and Quadratic Equations,Complex numbers as ordered pairs of reals and in the form a + ib,CH-30b,listed,application,not_applicable,J-PDF p1 Mathematics U2; A-PDF p9 Algebra (complex numbers; real-coefficient quadratics),conditional,topic audit pending,candidate: packages/scene-engine/src/compile/complexGeometry.ts (complex_point; complex_transform; numeric identity only),Real/pure imaginary/general/zero numbers; ordered pair and a+ib correspondence,Check Re/Im coordinates independently and preserve i^2=-1; reject swapped axes or invented argument at zero; representation-only algebra may be text-only,S0; S3
maths|2|argand-plane,maths|2,Complex Numbers and Quadratic Equations,Argand diagram and representation of complex numbers in a plane,CH-30b,listed,listed,not_applicable,J-PDF p1 Mathematics U2; A-PDF p9 Algebra (complex numbers; real-coefficient quadratics),required,topic audit pending,candidate: packages/scene-engine/src/compile/complexGeometry.ts (complex_point; complex_transform; numeric identity only),All quadrants; real and imaginary axes; translated display origin; explicit scale,Re/Im source values determine the point independently of display scale; axes and zero are retained; wrong-sign imaginary coordinates or physical-unit labels reject,S0; S3
maths|2|complex-number-algebra,maths|2,Complex Numbers and Quadratic Equations,Algebra of complex numbers,CH-30b,listed,listed,not_applicable,J-PDF p1 Mathematics U2; A-PDF p9 Algebra (complex numbers; real-coefficient quadratics),conditional,topic audit pending,candidate: packages/scene-engine/src/compile/complexGeometry.ts (complex_point; complex_transform; numeric identity only),Sum/product/quotient/conjugate; rotations and translations; zero factors; nonzero divisor,Compare real/imaginary components with independent algebra; conjugation reflects the imaginary component; zero divisor rejects rather than creating a finite point,S0; S3
maths|2|modulus-and-argument,maths|2,Complex Numbers and Quadratic Equations,Modulus of a complex number,CH-30b,listed,listed,not_applicable,J-PDF p1 Mathematics U2; A-PDF p9 Algebra (complex numbers; real-coefficient quadratics),conditional,topic audit pending,candidate: packages/scene-engine/src/compile/complexGeometry.ts (complex_point; complex_transform; numeric identity only),Modulus of general/real/pure imaginary/zero z; locus abs(z-a)=r,Compute sqrt(x^2+y^2) and check locus membership; reject negative radius or modulus label derived from display length; zero has modulus zero,S0; S3
maths|2|argument-and-polar-form,maths|2,Complex Numbers and Quadratic Equations,Argument of a complex number and polar form,CH-30b,review,listed,not_applicable,J-PDF p1 Mathematics U2; A-PDF p9 Algebra (complex numbers; real-coefficient quadratics),required,topic audit pending,candidate: packages/scene-engine/src/compile/complexGeometry.ts (complex_point; complex_transform; numeric identity only),Main argument is explicit and polar form is its representation application; quadrant-sensitive principal argument; branch cut; zero z,Independently use atan2 and declared principal interval; verify r(cos(theta)+i sin(theta)); reject argument for z=0 and a quadrant-losing arctan(y/x); freeze the mixed Main label,S0; S3
maths|2|de-moivre-and-nth-roots,maths|2,Complex Numbers and Quadratic Equations,De Moivre's theorem and nth roots of a complex number,CH-30b,supplemental,supplemental,not_applicable,J-PDF p1 Mathematics U2; A-PDF p9 Algebra (complex numbers; real-coefficient quadratics),conditional,topic audit pending,candidate: packages/scene-engine/src/compile/complexGeometry.ts (complex_roots; bounded degree 2-12; no general polynomial solver),Supplemental integer powers and bounded general nth roots; distinguish Main quadratic and Advanced cube-unity overlaps,Each root satisfies w^n=z and nonzero z has n distinct roots; compare n=2/3 by direct algebra; reject noninteger/unbounded degree; general De Moivre is not a listed heading,S0; S3
maths|2|cube-roots-of-unity,maths|2,Complex Numbers and Quadratic Equations,Cube roots of unity,CH-30b,supplemental,listed,not_applicable,J-PDF p1 Mathematics U2; A-PDF p9 Algebra (complex numbers; real-coefficient quadratics),required,topic audit pending,candidate: packages/scene-engine/src/compile/complexGeometry.ts (complex_roots; bounded degree 2-12; no general polynomial solver),"1, omega, omega^2; rotated products; real versus nonreal roots",Enumerate exactly three roots of z^3=1; check 1+omega+omega^2=0 and 120-degree separation; reject a missing root or real-axis placement of nonreal roots,S0; S3
maths|2|square-roots-and-triangle-inequality,maths|2,Complex Numbers and Quadratic Equations,Square root of a complex number,CH-30b,application,application,not_applicable,J-PDF p1 Mathematics U2; A-PDF p9 Algebra (complex numbers; real-coefficient quadratics),conditional,topic audit pending,candidate: packages/scene-engine/src/compile/complexGeometry.ts (complex_roots; bounded degree 2-12; no general polynomial solver),Both square roots of positive/negative/general complex z; zero root multiplicity,Square each candidate and compare with z; nonzero z has two opposite roots; distinguish a chosen principal root from the complete pair; a single-root completeness claim rejects,S0; S3
maths|2|triangle-inequality,maths|2,Complex Numbers and Quadratic Equations,Triangle inequality for complex numbers,CH-30b,supplemental,listed,not_applicable,J-PDF p1 Mathematics U2; A-PDF p9 Algebra (complex numbers; real-coefficient quadratics),required,topic audit pending,candidate: packages/scene-engine/src/compile/complexGeometry.ts (complex_point; complex_transform; numeric identity only),abs(z+w) bounds; aligned/opposed/perpendicular vectors; equality and zero cases,Independent modulus calculations check upper and reverse inequalities; equality requires the appropriate collinear directions; display-scaled lengths cannot establish the inequality,S0; S3
maths|2|quadratic-equations,maths|2,Complex Numbers and Quadratic Equations,Quadratic equations in real and complex number systems and their solutions,CH-30a,listed,review,not_applicable,J-PDF p1 Mathematics U2; A-PDF p9 Algebra (complex numbers; real-coefficient quadratics),conditional,topic audit pending,none,Real coefficients with real/repeated/nonreal roots; Main complex-coefficient extension; Advanced restricted real coefficients,Substitute both roots into ax^2+bx+c and independently factor; a=0 is not quadratic; Advanced complex-coefficient scope needs freeze decision; nonreal roots never become real x-intercepts,S0; S2; CH-30b
maths|2|roots-and-coefficients,maths|2,Complex Numbers and Quadratic Equations,Relations between roots and coefficients,CH-30c,listed,listed,not_applicable,J-PDF p1 Mathematics U2; A-PDF p9 Algebra (complex numbers; real-coefficient quadratics),conditional,topic audit pending,none,Vieta sums/products; real and conjugate roots; symmetric expressions in two roots,"Check alpha+beta=-b/a and alpha*beta=c/a independently, then reduce symmetric expressions; reject a=0 and inconsistent supplied roots; algebra-only cases can be text-only",S0; CH-30a
maths|2|nature-of-roots,maths|2,Complex Numbers and Quadratic Equations,Nature of roots of a quadratic equation,CH-30a,listed,application,not_applicable,J-PDF p1 Mathematics U2; A-PDF p9 Algebra (complex numbers; real-coefficient quadratics),conditional,topic audit pending,none,Positive/zero/negative discriminant for real coefficients; multiplicity; coefficient sign variations,Independent discriminant matches root multiplicity and real intercept count; reject an ordering or sign claim for nonreal roots; no real-parabola interpretation for nonreal coefficients,S0; S2; CH-30b
maths|2|quadratic-from-roots,maths|2,Complex Numbers and Quadratic Equations,Formation of quadratic equations with given roots,CH-30a,listed,listed,not_applicable,J-PDF p1 Mathematics U2; A-PDF p9 Algebra (complex numbers; real-coefficient quadratics),conditional,topic audit pending,none,Given distinct/repeated/conjugate roots; specified leading coefficient; compatible real-coefficient constraints,Expand a(x-alpha)(x-beta) independently; both roots satisfy the result; a nonconjugate nonreal pair rejects a real-coefficient claim; no diagram is required for pure expansion,S0; S2; CH-30b
maths|2|common-roots-of-quadratics,maths|2,Complex Numbers and Quadratic Equations,Common roots of two quadratic equations,CH-30c,application,application,not_applicable,J-PDF p1 Mathematics U2; A-PDF p9 Algebra (complex numbers; real-coefficient quadratics),conditional,topic audit pending,none,One/two/no common roots; proportional quadratics; parameter-dependent shared root,Substitute the shared candidate into both equations and compare independently factored root sets; reject a candidate satisfying only one; proportional equations retain both roots,S0; CH-30a
maths|12|vectors-and-scalars,maths|12,Vector Algebra,Vectors and scalars,CH-31a,listed,application,not_applicable,J-PDF p2 Mathematics U12; A-PDF p12 Vectors,conditional,topic audit pending,none,Scalar versus oriented vector; free/position vectors; zero vector; signed scalar multiple; 2D/3D,Independent components and units identify the object type; reject a direction or normalized unit vector for zero; classification-only questions may stay text-only,S0; S3; CH-18a (3D frames)
maths|12|vector-addition,maths|12,Vector Algebra,Addition of vectors,CH-31a,listed,listed,not_applicable,J-PDF p2 Mathematics U12; A-PDF p12 Vectors,required,topic audit pending,candidate: packages/scene-engine/src/compile/vectorGeometry.ts (vector_sum; vector_scale; vector_projection; planar components only),Head-to-tail/parallelogram sums; subtraction; opposite vectors and zero sum; 2D/3D frames,Independent component addition verifies result and translated-arrow endpoints; zero sum uses a genuine zero marker; reject a display-length-based sum or mismatched frames,S0; S3; CH-18a (3D frames)
maths|12|vector-components,maths|12,Vector Algebra,Components of a vector in two dimensions and three-dimensional space,CH-31a,listed,application,not_applicable,J-PDF p2 Mathematics U12; A-PDF p12 Vectors,required,topic audit pending,none,2D/3D orthogonal basis; signed components; unit vectors; same vector under declared basis change,Independent reconstruction sum(v_i*e_i) and orthonormality checks agree; reject mixing basis coordinates or silently flattening a z component,S0; S3; CH-18a (3D frames)
maths|12|scalar-and-vector-products,maths|12,Vector Algebra,Scalar product of two vectors,CH-31a,listed,listed,not_applicable,J-PDF p2 Mathematics U12; A-PDF p12 Vectors,conditional,topic audit pending,none,Positive/negative/zero dot products; angle; perpendicular vectors; zero-vector edge case,Independent component dot product and cosine identity agree for nonzero vectors; zero-vector angle is undefined; reject using arrow display lengths as source magnitudes,S0; S3; CH-18a (3D frames)
maths|12|cross-product,maths|12,Vector Algebra,Vector product of two vectors,CH-31b,listed,listed,not_applicable,J-PDF p2 Mathematics U12; A-PDF p12 Vectors,required,topic audit pending,none,Right-handed 3D cross product; reversed order; parallel/antiparallel zero; source plane and page-normal display,Independent component determinant and orthogonality verify magnitude/orientation; a dot/cross page glyph cannot establish planar incidence; wrong handedness rejects,S0; S3; CH-31a
maths|12|projection-of-a-vector,maths|12,Vector Algebra,Projection of a vector on another vector,CH-31a,application,application,not_applicable,J-PDF p2 Mathematics U12; A-PDF p12 Vectors,required,topic audit pending,candidate: packages/scene-engine/src/compile/vectorGeometry.ts (vector_sum; vector_scale; vector_projection; planar components only),Signed scalar/vector projections; oblique/perpendicular/antiparallel target; zero source and zero target,Independent (a dot b)/(b dot b)*b and perpendicular residual verify vector projection; zero target rejects; negative projection remains directed rather than absolute,S0; S3; CH-18a (3D frames)
maths|12|triple-products,maths|12,Vector Algebra,Scalar triple product,CH-31c,supplemental,listed,not_applicable,J-PDF p2 Mathematics U12; A-PDF p12 Vectors,required,topic audit pending,none,Scalar triple determinant; cyclic/order reversal; signed volume; zero coplanar case,Independent 3x3 determinant equals a dot (b cross c); order swap reverses sign; noncoplanar volume cannot be certified from flattened area,S0; S3; CH-31a; CH-31b; CH-18c (coplanarity)
maths|12|vector-triple-product,maths|12,Vector Algebra,Vector triple product,CH-31c,supplemental,listed,not_applicable,J-PDF p2 Mathematics U12; A-PDF p12 Vectors,required,topic audit pending,none,a cross (b cross c) versus (a cross b) cross c; BAC-CAB identity; zero/parallel cases,Independent component cross products and b(a dot c)-c(a dot b) agree for the stated grouping; reject associative rewriting and wrong parentheses,S0; S3; CH-31a; CH-31b; CH-18c (coplanarity)
maths|12|collinear-and-coplanar-vectors,maths|12,Vector Algebra,Collinearity and coplanarity using vectors,CH-31c,review,application,not_applicable,J-PDF p2 Mathematics U12; A-PDF p12 Vectors; A-PDF p11 Analytical Geometry (coplanar lines),required,topic audit pending,none,Collinearity is a Main vector-product application; coplanarity uses Advanced triple products; zero-vector conventions,Independent cross-zero test and scalar-triple-zero test verify distinct relations; reject collinearity inferred from coplanarity; freeze the mixed Main row rather than marking all variants listed,S0; S3; CH-31a; CH-31b; CH-18c (coplanarity)
maths|12|area-and-volume-via-vectors,maths|12,Vector Algebra,Area of a triangle or parallelogram and volume of a parallelepiped using vectors,CH-31c,review,listed,not_applicable,J-PDF p2 Mathematics U12; A-PDF p12 Vectors,required,topic audit pending,none,Main cross-product area application; triangle factor 1/2; Advanced triple-product parallelepiped volume; signed orientation,Independent cross norm and abs(3x3 determinant) verify area/volume; reject treating volume as a Main listed demand or using projected areas as world volume,S0; S3; CH-31a; CH-31b; CH-18c (coplanarity)
maths|13|central-tendency-and-dispersion,maths|13,Statistics and Probability,"Calculation of mean, median, and mode for grouped and ungrouped data",CH-32a,listed,listed,not_applicable,J-PDF p2 Mathematics U13; A-PDF p10 Probability and Statistics,conditional,topic audit pending,"candidate: packages/scene-engine/src/compile/statistics.ts (histogram; frequency_polygon; cumulative_frequency; data plots only, not moment authority)",Grouped/ungrouped mean/median/mode; unequal classes; tied modes; grouped interpolation versus exact raw data,Independent weighted sums/sorted raw values verify measures; grouped estimates disclose midpoint/interpolation assumptions; reject fabricated within-class raw values and empty-data means,S0; S5
maths|13|standard-deviation-variance-and-mean-deviation,maths|13,Statistics and Probability,Calculation of standard deviation and variance for grouped and ungrouped data,CH-32a,listed,listed,not_applicable,J-PDF p2 Mathematics U13; A-PDF p10 Probability and Statistics,conditional,topic audit pending,"candidate: packages/scene-engine/src/compile/statistics.ts (histogram; frequency_polygon; cumulative_frequency; data plots only, not moment authority)",Population variance/standard deviation; grouped midpoint estimate; same mean with different spread; zero variance,Independent sum(f*(x-mean)^2)/sum(f) agrees with second-moment identity; std=sqrt(variance); reject negative frequencies or an unstated sample n-1 convention,S0; S5
maths|13|mean-deviation,maths|13,Statistics and Probability,Mean deviation for grouped and ungrouped data,CH-32a,listed,listed,not_applicable,J-PDF p2 Mathematics U13; A-PDF p10 Probability and Statistics,conditional,topic audit pending,"candidate: packages/scene-engine/src/compile/statistics.ts (histogram; frequency_polygon; cumulative_frequency; data plots only, not moment authority)",Absolute deviations about mean or median as specified; raw/grouped values; translated data,Independent weighted absolute-deviation sum verifies result and chosen center; reject signed cancellation used as mean deviation and an unstated center,S0; S5
maths|13|event-probability-and-theorems,maths|13,Statistics and Probability,Probability of an event and the addition theorem of probability,CH-32b,listed,listed,not_applicable,J-PDF p2 Mathematics U13; A-PDF p10 Probability and Statistics,conditional,topic audit pending,none,Explicit finite sample space; impossible/certain/overlapping/disjoint events; nonuniform outcomes,Independent event enumeration/weight sums verify P(A union B)=P(A)+P(B)-P(A intersect B); reject assuming equal likelihood or double-counting overlap,S0; CH-17a; CH-17b
maths|13|multiplication-theorem-and-independence,maths|13,Statistics and Probability,Multiplication theorem and independent events,CH-32b,listed,listed,not_applicable,J-PDF p2 Mathematics U13; A-PDF p10 Probability and Statistics,conditional,topic audit pending,candidate: packages/scene-engine/src/compile/probabilityGeometry.ts (probability_tree; explicit branch conditionals; not inferred independence or Bayes solver),Independent versus dependent stages; with/without replacement; mutually exclusive events,Independent P(A intersect B)=P(A)*P(B given A) and independence test agree; reject multiplying marginals for dependent draws and conflating independence with disjointness,S0; CH-17a; CH-17b
maths|13|conditional-probability,maths|13,Statistics and Probability,Conditional probability,CH-32b,application,listed,not_applicable,J-PDF p2 Mathematics U13; A-PDF p10 Probability and Statistics,conditional,topic audit pending,candidate: packages/scene-engine/src/compile/probabilityGeometry.ts (probability_tree; explicit branch conditionals; not inferred independence or Bayes solver),Reduced sample space; nonuniform weights; zero-probability condition; conditional tree,Independent ratio P(A intersect B)/P(B) agrees with enumeration; P(B)=0 rejects the ratio; branches retain conditioning identities,S0; CH-17a; CH-17b
maths|13|total-probability,maths|13,Statistics and Probability,Theorem of total probability,CH-32b,application,listed,not_applicable,J-PDF p2 Mathematics U13; A-PDF p10 Probability and Statistics,conditional,topic audit pending,candidate: packages/scene-engine/src/compile/probabilityGeometry.ts (probability_tree; explicit branch conditionals; not inferred independence or Bayes solver),Disjoint exhaustive conditioning partition; zero-weight branch; incomplete/overlapping partitions,Independent sum P(B_i)*P(A given B_i) agrees with joint enumeration; nonexhaustive or overlapping cases reject a complete-total claim,S0; CH-17a; CH-17b
maths|13|bayes-theorem,maths|13,Statistics and Probability,Bayes' theorem,CH-32b,listed,listed,not_applicable,J-PDF p2 Mathematics U13; A-PDF p10 Probability and Statistics,conditional,topic audit pending,candidate: packages/scene-engine/src/compile/probabilityGeometry.ts (probability_tree; explicit branch conditionals; not inferred independence or Bayes solver),Prior/likelihood/posterior roles; two/multiple hypotheses; impossible evidence; zero prior,Independent joint/total-evidence ratio verifies posterior and normalization; zero evidence probability rejects; reversing conditionals without priors rejects,S0; CH-17a; CH-17b
maths|13|random-variable-distribution,maths|13,Statistics and Probability,Probability distribution of a random variable,CH-32c,listed,application,not_applicable,J-PDF p2 Mathematics U13; A-PDF p10 Probability and Statistics,required,topic audit pending,none,Discrete outcome-to-value map; repeated values aggregated; zero probability; normalized mass plot,"Independent sample-space pushforward produces all masses with sum one; reject negative mass, omitted outcomes, or a continuous-density curve substituted for discrete probabilities",S0; CH-32b; CH-16b
maths|13|mean-and-variance-of-a-random-variable,maths|13,Statistics and Probability,Mean and variance of a discrete random variable,CH-32c,application,listed,not_applicable,J-PDF p2 Mathematics U13; A-PDF p10 Probability and Statistics,conditional,topic audit pending,none,Finite discrete distributions; equal means/different variances; constants; shifted/scaled variables,Independent E[X]=sum(xp) and Var(X)=E[X^2]-E[X]^2 verify moments; nonnormalized mass and negative variance beyond arithmetic tolerance reject,S0; CH-32b; CH-16b
maths|13|bernoulli-trials-and-binomial-distribution,maths|13,Statistics and Probability,Bernoulli trials and binomial distribution,CH-32c,application,application,not_applicable,J-PDF p2 Mathematics U13; A-PDF p10 Probability and Statistics,required,topic audit pending,none,n independent identical Bernoulli trials; p=0/1; success count k=0..n; dependent/nonidentical counterexamples,"Independent binary-outcome enumeration gives C(n,k)p^k(1-p)^(n-k) and total mass one; reject the binomial model for dependent or unequal-p trials without a new contract",S0; CH-32b; CH-16b
maths|13|binomial-mean-and-variance,maths|13,Statistics and Probability,Mean and variance of a binomial distribution,CH-32c,application,application,not_applicable,J-PDF p2 Mathematics U13; A-PDF p10 Probability and Statistics,conditional,topic audit pending,none,"Binomial n,p; endpoints; translated count comparisons; moments derived from finite distribution","Independent weighted pmf sums agree with np and np(1-p); illegal n,p or absent Bernoulli assumptions reject; formulas are applications, not separately enumerated syllabus headings",S0; CH-32b; CH-16b
maths|14|trigonometric-identities,maths|14,Trigonometry,Trigonometrical identities,CH-33b,listed,application,not_applicable,J-PDF p2 Mathematics U14; A-PDF p10 Trigonometry,conditional,topic audit pending,none,Pythagorean/reciprocal/quotient identities; common domains; zero denominators,Independent algebra or angle addition proves identity on the common domain; invalid cancellation at sin/cos zeros rejects; pure identity manipulation may stay text-only,S0; S2; CH-33a
maths|14|compound-and-multiple-angles,maths|14,Trigonometry,Compound-angle and multiple-angle formulae,CH-33b,application,listed,not_applicable,J-PDF p2 Mathematics U14; A-PDF p10 Trigonometry,conditional,topic audit pending,none,Addition/subtraction; double/triple/half angles; sign of half-angle root by quadrant,Independent angle formula values and quadrant signs agree; reject missing +/- branch in half-angle recovery and extension across undefined denominators,S0; S2; CH-33a
maths|14|sum-to-product-transformations,maths|14,Trigonometry,Sum-to-product and product-to-sum transformations,CH-33b,application,application,not_applicable,J-PDF p2 Mathematics U14; A-PDF p10 Trigonometry,conditional,topic audit pending,none,Sum/difference of sine/cosine; reverse product-to-sum; radian inputs and phase signs,Independent expansion via addition formulas recovers both sides; reject swapped sum/difference signs and unstated domain cancellation,S0; S2; CH-33a
maths|14|trigonometric-functions,maths|14,Trigonometry,Trigonometrical functions,CH-33a,listed,listed,not_applicable,J-PDF p2 Mathematics U14; A-PDF p10 Trigonometry; J-PDF p1 Mathematics U7 (graphs),required,topic audit pending,none,Unit circle; radian angle; sine/cosine/tangent graphs; periods; tangent poles; quadrants,Independent unit-circle coordinates and periodic equations verify graph values; no stroke crosses a tangent pole; degree/radian confusion and wrong quadrant signs reject,S0; S2; CH-11a
maths|14|range-of-trigonometric-expressions,maths|14,Trigonometry,Range of trigonometric expressions,CH-33a,application,application,not_applicable,J-PDF p2 Mathematics U14; A-PDF p10 Trigonometry,required,topic audit pending,none,a*sin(x)+b*cos(x); constrained intervals; rational trig expression with exclusions; attained versus limiting extrema,Independent amplitude bound plus equality/endpoint cases establishes the full image; reject a range endpoint requiring an excluded denominator or unstated all-real angle domain,S0; S2; CH-11a
maths|14|trigonometric-equations,maths|14,Trigonometry,Trigonometric equations,CH-33b,application,application,not_applicable,J-PDF p2 Mathematics U14; A-PDF p10 Trigonometry,conditional,topic audit pending,none,Finite-interval sin/cos/tan equations; extraneous roots after squaring; endpoints and pole exclusions,Independent substitution and complete period-by-period enumeration verify all solutions in the stated interval; reject missing or extraneous roots,S0; S2; CH-33a
maths|14|general-solution-of-trigonometric-equations,maths|14,Trigonometry,General solution of trigonometric equations,CH-33b,application,listed,not_applicable,J-PDF p2 Mathematics U14; A-PDF p10 Trigonometry,required,topic audit pending,none,Integer-indexed solution families; sine/cosine dual branches; tangent period; duplicate branch merger,Independent identity/period reasoning establishes completeness for all integer k; reject dropping one sine branch or including tangent-pole roots,S0; S2; CH-33a
maths|14|inverse-trigonometric-functions,maths|14,Trigonometry,Inverse trigonometrical functions and their properties,CH-33c,listed,listed,not_applicable,J-PDF p2 Mathematics U14; A-PDF p10 Trigonometry; J-PDF p1 Mathematics U7 (graphs),required,topic audit pending,none,Principal arcsin/arccos/arctan branches; composition identities; multi-valued inverse relation distinguished,Independent sin/cos/tan of the returned principal value recovers the legal input and principal range; reject unrestricted inverse cancellation outside the selected branch,S0; S2; S3; CH-33a; CH-06c (triangles)
maths|14|principal-values-of-inverse-trig,maths|14,Trigonometry,"Principal values, domain, and range of inverse trigonometric functions",CH-33c,application,listed,not_applicable,J-PDF p2 Mathematics U14; A-PDF p10 Trigonometry,required,topic audit pending,none,Domain/range endpoints; branch-restricted graphs; negative inputs; optional inverse sec/csc convention made explicit,Independent principal interval and forward-function checks verify the value; out-of-domain real input rejects and branch conventions are source-declared,S0; S2; S3; CH-33a; CH-06c (triangles)
maths|14|heights-and-distances,maths|14,Trigonometry,Heights and distances,CH-33c,application,application,not_applicable,J-PDF p2 Mathematics U14; A-PDF p10 Trigonometry,required,topic audit pending,candidate: packages/scene-engine/src/compile/triangleGeometry.ts (triangle_from_sides; triangle_from_sas; triangle_from_asa; setup solver still pending),Source-defined right triangles; elevation/depression; two observation stations; horizontal/sloped ground distinguished,Independent right-triangle tangent equations and angle relations verify heights/distances; reject invented ground-level or observer-height assumptions; pure trig syllabus does not explicitly enumerate this application,S0; S2; S3; CH-33a; CH-06c (triangles)
