topic_id,unit_id,chapter,topic,packet,main_scope,advanced_scope,neet_scope,source_refs,diagram_need,current_evidence,existing_seed,required_variants,acceptance_tests,dependencies
physics|2|frame-of-reference,physics|2,Kinematics,Frame of reference,CH-01a,listed,listed,listed,J-PDF p.3 Physics U2; A-PDF p.13 Mechanics; N-PDF p.4 Physics U2,required,topic audit pending,candidate: packages/scene-engine/src/compile/kinematicsGeometry.ts; packages/scene-engine/scripts/verify/verify-kinematics-operators.ts,Fixed and translating origins; inertial versus accelerated frame,Check position and velocity transforms; identify source frame before subtracting vectors,S0; S3
physics|2|motion-in-a-straight-line,physics|2,Kinematics,Motion in a straight line,CH-01b,listed,listed,listed,J-PDF p.3 Physics U2; A-PDF p.13 Mechanics; N-PDF p.4 Physics U2,conditional,topic audit pending,candidate: packages/scene-engine/src/compile/kinematicsGeometry.ts; packages/scene-engine/scripts/verify/verify-kinematics-operators.ts,Positive and negative displacement; rest intervals,"Verify x(t), signed displacement and travelled distance separately; reject a path inconsistent with the time order",S0; S2
physics|2|speed-velocity-and-accelerated-motion,physics|2,Kinematics,"Speed, velocity, average speed, instantaneous velocity, and uniform and non-uniform motion",CH-01b,listed,application,listed,J-PDF p.3 Physics U2; A-PDF p.13 Mechanics; N-PDF p.4 Physics U2,required,topic audit pending,candidate: packages/scene-engine/src/compile/kinematicsGeometry.ts; packages/scene-engine/scripts/verify/verify-kinematics-operators.ts,Equal-distance versus equal-time averages; velocity reversals,Independently integrate speed for distance and velocity for displacement; zero duration is invalid,S0; S2
physics|2|suvat-equations,physics|2,Kinematics,Uniformly accelerated motion and the SUVAT equations,CH-01c,listed,application,listed,J-PDF p.3 Physics U2; A-PDF p.13 Mechanics; N-PDF p.4 Physics U2,required,topic audit pending,candidate: packages/scene-engine/src/compile/kinematicsGeometry.ts; packages/scene-engine/scripts/verify/verify-kinematics-operators.ts,"Positive, negative and zero constant acceleration",Check all SUVAT identities against x(t)=x0+v0t+at²/2; incompatible supplied states reject,S0; S2; S3
physics|2|free-fall-and-vertical-projection,physics|2,Kinematics,Free fall and vertical projection under gravity,CH-01c,application,application,application,J-PDF p.3 Physics U2; A-PDF p.13 Mechanics; N-PDF p.4 Physics U2,required,topic audit pending,candidate: packages/scene-engine/src/compile/kinematicsGeometry.ts; packages/scene-engine/scripts/verify/verify-kinematics-operators.ts,"Drop, upward launch, apex and return to unequal heights",Solve y(t) independently with explicit g and ground; distinguish zero apex velocity from zero acceleration,S0; S2; S3
physics|2|motion-graphs,physics|2,Kinematics,Velocity-time and position-time graphs,CH-01b,listed,application,listed,J-PDF p.3 Physics U2; A-PDF p.13 Mechanics; N-PDF p.4 Physics U2,required,topic audit pending,candidate: packages/scene-engine/src/compile/kinematicsGeometry.ts; packages/scene-engine/scripts/verify/verify-kinematics-operators.ts,"Piecewise x-t, v-t and a-t; corners and turning points",Check derivatives and signed areas on each domain; never connect across a jump or undefined interval,S0; S2
physics|2|relative-velocity,physics|2,Kinematics,Relative velocity in one dimension,CH-01a,listed,listed,listed,J-PDF p.3 Physics U2; A-PDF p.13 Mechanics; N-PDF p.4 Physics U2,required,topic audit pending,candidate: packages/scene-engine/src/compile/kinematicsGeometry.ts; packages/scene-engine/scripts/verify/verify-kinematics-operators.ts,Overtaking and head-on motion; change of observer,Verify vAB=vA-vB and encounter times; zero relative speed cannot imply a finite catch-up,S0; S3
physics|2|river-boat-problems,physics|2,Kinematics,River-boat relative velocity,CH-01a,application,application,application,J-PDF p.3 Physics U2; A-PDF p.13 Mechanics; N-PDF p.4 Physics U2,required,topic audit pending,candidate: packages/scene-engine/src/compile/kinematicsGeometry.ts; packages/scene-engine/scripts/verify/verify-kinematics-operators.ts,"Along-stream, crossing, minimum-time and minimum-drift; upstream impossibility",Solve vector addition and bank intersection; reject impossible cancellation when stream speed exceeds boat speed,S0; S3
physics|2|relative-velocity-in-a-plane,physics|2,Kinematics,"Relative velocity in a plane, including rain-man problems",CH-01a,application,application,application,J-PDF p.3 Physics U2; A-PDF p.13 Mechanics; N-PDF p.4 Physics U2,required,topic audit pending,candidate: packages/scene-engine/src/compile/kinematicsGeometry.ts; packages/scene-engine/scripts/verify/verify-kinematics-operators.ts,Rain-person umbrella orientation; two moving bodies in a plane,Recompute relative components and direction in the named frame; rotate the entire source without changing the relation,S0; S3
physics|2|motion-in-a-plane,physics|2,Kinematics,Motion in a plane,CH-01c,listed,listed,listed,J-PDF p.3 Physics U2; A-PDF p.13 Mechanics; N-PDF p.4 Physics U2,required,topic audit pending,candidate: packages/scene-engine/src/compile/kinematicsGeometry.ts; packages/scene-engine/scripts/verify/verify-kinematics-operators.ts,Independent Cartesian components; source launch angle,Check component time laws share one physical time and frame; projected geometry cannot certify a missing component,S0; S2; S3
physics|2|projectile-motion,physics|2,Kinematics,Projectile motion on level ground,CH-01c,listed,listed,listed,J-PDF p.3 Physics U2; A-PDF p.13 Mechanics; N-PDF p.4 Physics U2,required,topic audit pending,candidate: packages/scene-engine/src/compile/kinematicsGeometry.ts; packages/scene-engine/scripts/verify/verify-kinematics-operators.ts,Horizontal and oblique launch; range and apex on level ground,Independently solve the ground intersection and vy=0; reject negative flight time or contradictory landing data,S0; S2; S3
physics|2|projectile-from-height,physics|2,Kinematics,Projectile projected from a height,CH-01c,application,application,application,J-PDF p.3 Physics U2; A-PDF p.13 Mechanics; N-PDF p.4 Physics U2,required,topic audit pending,candidate: packages/scene-engine/src/compile/kinematicsGeometry.ts; packages/scene-engine/scripts/verify/verify-kinematics-operators.ts,Horizontal and oblique launch from height; impact direction,Solve the quadratic landing condition and impact velocity; select the positive physical root,S0; S2; S3
physics|2|projectile-on-incline,physics|2,Kinematics,Projectile motion on an inclined plane,CH-01c,application,application,application,J-PDF p.3 Physics U2; A-PDF p.13 Mechanics; N-PDF p.4 Physics U2,required,topic audit pending,candidate: packages/scene-engine/src/compile/kinematicsGeometry.ts; packages/scene-engine/scripts/verify/verify-kinematics-operators.ts,Up-slope and down-slope landing; tangent launch limit,Solve trajectory intersection with the supplied incline; reject a landing behind the admissible launch ray,S0; S2; S3
physics|2|uniform-circular-motion,physics|2,Kinematics,Uniform circular motion,CH-01c,listed,listed,listed,J-PDF p.3 Physics U2; A-PDF p.13 Mechanics; N-PDF p.4 Physics U2,required,topic audit pending,candidate: packages/scene-engine/src/compile/kinematicsGeometry.ts; packages/scene-engine/scripts/verify/verify-kinematics-operators.ts,Clockwise and anticlockwise states; tangent velocity and inward acceleration,Check v=ωr and a=v²/r with orthogonal directions; radius zero cannot define a circular trajectory,S0; S2; S3
physics|12|current-drift-velocity-and-mobility,physics|12,Current Electricity,Electric current and drift velocity and their relation,CH-02b,listed,application,listed,J-PDF p.5 Physics U12; A-PDF p.15 Electricity and Magnetism; p.13 General; N-PDF p.6 Physics U12,required,topic audit pending,none,Electron versus conventional current; varying carrier density/area,Check I=nqAvd with sign convention; arrow direction is not electron drift by default,S0; S1; S2; CH-02a
physics|12|mobility-and-current-density,physics|12,Current Electricity,Mobility and current density,CH-02b,application,application,application,J-PDF p.5 Physics U12; A-PDF p.15 Electricity and Magnetism; p.13 General; N-PDF p.6 Physics U12,required,topic audit pending,none,"Mobility, electric field and current density",Check vd=μE and J=nqvd with supplied carrier model; Advanced Ohm-law application is not a separately named mobility heading,S0; S1; S2; CH-02a
physics|12|ohms-law-and-resistance,physics|12,Current Electricity,Ohm's law and electrical resistance,CH-02a,listed,listed,listed,J-PDF p.5 Physics U12; A-PDF p.15 Electricity and Magnetism; p.13 General; N-PDF p.6 Physics U12,required,topic audit pending,none,Explicit resistor terminals and DC voltage/current,Check V=IR and potential drop against netlist polarity; R=0/∞ require explicit ideal-element handling,S0; S1
physics|12|iv-characteristics,physics|12,Current Electricity,V-I characteristics of Ohmic and non-ohmic conductors,CH-02c,listed,application,listed,J-PDF p.5 Physics U12; A-PDF p.15 Electricity and Magnetism; p.13 General; N-PDF p.6 Physics U12,required,topic audit pending,none,Straight Ohmic and supplied nonlinear V-I data,"Check axis ordering, slope/resistance interpretation and observed points; do not impose Ohm's law on nonlinear data",S0; S1; S5; CH-02a
physics|12|electrical-energy-and-power,physics|12,Current Electricity,Electrical energy and power,CH-02b,listed,application,listed,J-PDF p.5 Physics U12; A-PDF p.15 Electricity and Magnetism; p.13 General; N-PDF p.6 Physics U12,required,topic audit pending,none,Multiple dissipating branches and signed source power,Check P=VI and total supplied/dissipated power; a negative source power can represent charging,S0; S1; S2; CH-02a
physics|12|joules-law-of-heating,physics|12,Current Electricity,Joule's law of heating,CH-02b,application,listed,application,J-PDF p.5 Physics U12; A-PDF p.15 Electricity and Magnetism; p.13 General; N-PDF p.6 Physics U12,required,topic audit pending,none,Constant/piecewise current heating; resistor energy over time,Independently integrate I²R dt; heating law requires a resistor model and source interval,S0; S1; S2; CH-02a
physics|12|resistivity-and-conductivity,physics|12,Current Electricity,Electrical resistivity and conductivity,CH-02b,listed,application,listed,J-PDF p.5 Physics U12; A-PDF p.15 Electricity and Magnetism; p.13 General; N-PDF p.6 Physics U12,conditional,topic audit pending,none,Same geometry different material; conductivity inverse,Check σ=1/ρ with matching units; pure scalar material comparison may be text-only after review,S0; S1; S2; CH-02a
physics|12|resistance-from-dimensions,physics|12,Current Electricity,"Resistance from resistivity and geometry, R = rho l / A",CH-02b,application,application,application,J-PDF p.5 Physics U12; A-PDF p.15 Electricity and Magnetism; p.13 General; N-PDF p.6 Physics U12,required,topic audit pending,none,Uniform wire length/cross-section and stretching at conserved volume,Check R=ρL/A and geometric change assumptions; nonuniform wire needs an integral rather than one average area,S0; S1; S2; CH-02a
physics|12|resistor-combinations,physics|12,Current Electricity,Series and parallel combinations of resistors,CH-02a,listed,listed,listed,J-PDF p.5 Physics U12; A-PDF p.15 Electricity and Magnetism; p.13 General; N-PDF p.6 Physics U12,required,topic audit pending,none,Series and parallel terminal connections; zero-current branch,Independently reduce resistances and verify node voltages; visual crossing without a junction must remain disconnected,S0; S1
physics|12|mixed-resistor-networks,physics|12,Current Electricity,Mixed series-parallel resistor networks,CH-02a,application,application,application,J-PDF p.5 Physics U12; A-PDF p.15 Electricity and Magnetism; p.13 General; N-PDF p.6 Physics U12,required,topic audit pending,none,Nested series-parallel; irreducible two-loop network,Check KCL/KVL residuals independently and reduction validity; do not reduce a bridge as two visual series paths,S0; S1
physics|12|temperature-dependence-of-resistance,physics|12,Current Electricity,Temperature dependence of resistance,CH-02b,listed,application,listed,J-PDF p.5 Physics U12; A-PDF p.15 Electricity and Magnetism; p.13 General; N-PDF p.6 Physics U12,required,topic audit pending,none,Supplied linear coefficient and reference temperature; measured nonlinear alternative,Check R=R0[1+α(T-T0)] only over declared range; inferred negative resistance is invalid for a passive wire,S0; S1; S2; CH-02a
physics|12|cell-emf-potential-difference-and-internal-resistance,physics|12,Current Electricity,"EMF, potential difference, and internal resistance of a cell",CH-02b,listed,application,listed,J-PDF p.5 Physics U12; A-PDF p.15 Electricity and Magnetism; p.13 General; N-PDF p.6 Physics U12,required,topic audit pending,none,Cell discharging/charging; open circuit and short circuit,Check Vterminal=ε-Ir with direction convention; short-circuit power and internal heat must balance,S0; S1; S2; CH-02a
physics|12|cell-combinations,physics|12,Current Electricity,Combination of cells in series and parallel,CH-02a,listed,listed,listed,J-PDF p.5 Physics U12; A-PDF p.15 Electricity and Magnetism; p.13 General; N-PDF p.6 Physics U12,required,topic audit pending,none,Series/parallel cells; aiding/opposing unequal EMFs and internal resistances,Solve branch currents and total power; ideal unequal voltage sources in parallel are incompatible,S0; S1
physics|12|kirchhoffs-laws,physics|12,Current Electricity,Kirchhoff's laws and their applications,CH-02a,listed,listed,listed,J-PDF p.5 Physics U12; A-PDF p.15 Electricity and Magnetism; p.13 General; N-PDF p.6 Physics U12,required,topic audit pending,none,Two independent loops; junction identity and source polarity,Check signed KCL at every node and KVL on an independent cycle basis; missing branch or invented junction rejects,S0; S1
physics|12|wheatstone-and-metre-bridge,physics|12,Current Electricity,Wheatstone bridge,CH-02c,listed,application,listed,J-PDF p.5 Physics U12; A-PDF p.15 Electricity and Magnetism; p.13 General; N-PDF p.6 Physics U12; J-PDF p.6 U20 activity 10; A-PDF p.13 General meter bridge / post office box; N-PDF p.7 U20 activity 10,required,topic audit pending,none,Balanced/unbalanced Wheatstone bridge and detector branch,Verify balance ratio and detector zero only at balance; crossed conductors do not create an extra node,S0; S1; S5; CH-02a
physics|12|metre-bridge,physics|12,Current Electricity,Metre bridge,CH-02c,listed,application,listed,J-PDF p.5 Physics U12; A-PDF p.15 Electricity and Magnetism; p.13 General; N-PDF p.6 Physics U12; J-PDF p.6 U20 activity 10; A-PDF p.13 General meter bridge / post office box; N-PDF p.7 U20 activity 10,required,topic audit pending,none,"Metre-bridge lengths, unknown wire resistance and end correction data","Check balance ratio, wire length and resistivity dimensions; zero/endpoint balance cannot yield finite resistance ratio",S0; S1; S5; CH-02a
physics|12|potentiometer,physics|12,Current Electricity,"Potentiometer, comparison of EMFs, and internal resistance of a cell",CH-02c,supplemental,supplemental,supplemental,J-PDF p.5 Physics U12; A-PDF p.15 Electricity and Magnetism; p.13 General; N-PDF p.6 Physics U12,required,topic audit pending,none,Potentiometer null circuit; EMF comparison and loaded cell internal resistance,Independently check equal potential gradients and null conditions; current syllabi do not enumerate this apparatus,S0; S1; S5; CH-02a
physics|3|force-inertia-and-first-law,physics|3,Laws of Motion,"Force, inertia, and Newton's first law of motion",CH-03a,listed,listed,listed,J-PDF p.3 Physics U3; A-PDF p.13 Mechanics; N-PDF p.4 Physics U3,conditional,topic audit pending,none,Rest and constant-velocity bodies; removal of a support,Check net-force zero rather than absence of forces; retain all named supports in an FBD,S0; S1; S3
physics|3|momentum-second-law-and-impulse,physics|3,Laws of Motion,Momentum and Newton's second law of motion,CH-03a,listed,listed,listed,J-PDF p.3 Physics U3; A-PDF p.13 Mechanics; N-PDF p.4 Physics U3,required,topic audit pending,none,Single and multiple forces; mass held constant,Independently sum forces and verify dp/dt; reject missing mass or inconsistent acceleration,S0; S1; S3
physics|3|impulse,physics|3,Laws of Motion,Impulse,CH-03a,listed,listed,listed,J-PDF p.3 Physics U3; A-PDF p.13 Mechanics; N-PDF p.4 Physics U3,required,topic audit pending,none,Constant and piecewise force-time pulses,Check signed impulse area equals Δp; negative intervals and wrong force units reject,S0; S1; S3
physics|3|third-law-and-linear-momentum-conservation,physics|3,Laws of Motion,Newton's third law of motion,CH-03a,listed,listed,listed,J-PDF p.3 Physics U3; A-PDF p.13 Mechanics; N-PDF p.4 Physics U3,required,topic audit pending,none,Contact and non-contact action-reaction pairs,Verify equal/opposite forces attach to different bodies; never cancel the pair inside one body's FBD,S0; S1; S3
physics|3|conservation-of-linear-momentum,physics|3,Laws of Motion,Conservation of linear momentum and its applications,CH-03a,listed,listed,listed,J-PDF p.3 Physics U3; A-PDF p.13 Mechanics; N-PDF p.4 Physics U3,required,topic audit pending,none,Isolated two-body interaction and recoil,Independently balance vector momentum; supplied external impulse must break the isolated-system assumption,S0; S1; S3
physics|3|equilibrium-of-concurrent-forces,physics|3,Laws of Motion,Equilibrium of concurrent forces,CH-03a,listed,application,listed,J-PDF p.3 Physics U3; A-PDF p.13 Mechanics; N-PDF p.4 Physics U3,required,topic audit pending,none,Two and three concurrent forces; inclined supports,Check both component sums vanish and contacts remain nonnegative; concurrency alone is not equilibrium,S0; S1; S3
physics|3|friction,physics|3,Laws of Motion,"Static friction, kinetic friction, and laws of friction",CH-03b,listed,listed,listed,J-PDF p.3 Physics U3; A-PDF p.13 Mechanics; N-PDF p.4 Physics U3,required,topic audit pending,none,"Static below limit, impending motion and kinetic sliding",Check f≤μsN versus f=μkN and oppose relative slip; reject a negative normal reaction,S0; S1; S3; CH-03a
physics|3|rolling-friction,physics|3,Laws of Motion,Rolling friction,CH-03b,listed,application,listed,J-PDF p.3 Physics U3; A-PDF p.13 Mechanics; N-PDF p.4 Physics U3,conditional,topic audit pending,none,Rolling resistance with source-provided force or coefficient model,Verify stated model's dimensions and opposing direction; do not replace rolling resistance by kinetic friction,S0; S1; S3; CH-03a
physics|3|motion-on-incline-with-friction,physics|3,Laws of Motion,Motion on an inclined plane with friction,CH-03b,application,application,application,J-PDF p.3 Physics U3; A-PDF p.13 Mechanics; N-PDF p.4 Physics U3,required,topic audit pending,none,Upward/downward tendency; static hold and sliding on an incline,Solve parallel/perpendicular force balance and friction regime; supplied rest beyond μs limit rejects,S0; S1; S3; CH-03a
physics|3|connected-bodies-and-pulleys,physics|3,Laws of Motion,"Connected bodies, pulleys, and Atwood's machine",CH-03b,application,application,application,J-PDF p.3 Physics U3; A-PDF p.13 Mechanics; N-PDF p.4 Physics U3,required,topic audit pending,none,Two blocks; fixed/movable pulley; Atwood masses; slack limit,Independently impose string-length constraints and per-body force balance; tension cannot be compressive,S0; S1; S3; CH-03a
physics|3|apparent-weight-in-a-lift,physics|3,Laws of Motion,Apparent weight in a lift,CH-03c,application,application,application,J-PDF p.3 Physics U3; A-PDF p.13 Mechanics; N-PDF p.4 Physics U3,required,topic audit pending,none,Lift up/down acceleration; free-fall apparent weight,Check N=m(g+a) in the declared axis; negative contact force becomes loss of contact rather than a drawn support,S0; S1; S3; CH-03a; CH-03b; CH-01c
physics|3|pseudo-force-in-non-inertial-frame,physics|3,Laws of Motion,Pseudo force in a non-inertial frame,CH-03c,supplemental,listed,supplemental,J-PDF p.3 Physics U3; A-PDF p.13 Mechanics; N-PDF p.4 Physics U3,required,topic audit pending,none,Uniformly accelerated translating frame; hanging bob,Transform acceleration and add -ma_frame only in that frame; rotating-frame laws stay outside this bounded case,S0; S1; S3; CH-03a; CH-03b; CH-01c
physics|3|dynamics-of-uniform-circular-motion,physics|3,Laws of Motion,Dynamics of uniform circular motion and centripetal force,CH-03c,listed,listed,listed,J-PDF p.3 Physics U3; A-PDF p.13 Mechanics; N-PDF p.4 Physics U3,required,topic audit pending,none,Radial and tangential force decomposition,"Check radial resultant mv²/r, not an extra physical force; no centripetal label may duplicate tension or normal force",S0; S1; S3; CH-03a; CH-03b; CH-01c
physics|3|conical-pendulum,physics|3,Laws of Motion,Conical pendulum,CH-03c,application,application,application,J-PDF p.3 Physics U3; A-PDF p.13 Mechanics; N-PDF p.4 Physics U3,required,topic audit pending,none,"Bob cone angle, circular radius and tension",Check Tcosθ=mg and Tsinθ=mv²/r; angle and string length must give the same radius,S0; S1; S3; CH-03a; CH-03b; CH-01c
physics|3|vehicle-on-level-circular-road,physics|3,Laws of Motion,Vehicle on a level circular road,CH-03c,listed,application,listed,J-PDF p.3 Physics U3; A-PDF p.13 Mechanics; N-PDF p.4 Physics U3,required,topic audit pending,none,Flat circular road; friction-limited speed,Check mv²/r≤μs mg and inward friction; reject speed beyond static limit,S0; S1; S3; CH-03a; CH-03b; CH-01c
physics|3|vehicle-on-banked-road,physics|3,Laws of Motion,Vehicle on a banked road,CH-03c,listed,application,listed,J-PDF p.3 Physics U3; A-PDF p.13 Mechanics; N-PDF p.4 Physics U3,required,topic audit pending,none,Frictionless bank; specified bank angle and design speed,Verify tanθ=v²/(rg) and the normal direction; road inclination is not a force vector,S0; S1; S3; CH-03a; CH-03b; CH-01c
physics|3|banking-with-friction,physics|3,Laws of Motion,Banking of a road with friction,CH-03c,application,application,application,J-PDF p.3 Physics U3; A-PDF p.13 Mechanics; N-PDF p.4 Physics U3,required,topic audit pending,none,Minimum/maximum banked-road speeds; friction reversal,Solve both limiting branches with signed friction; check nonnegative N and reject infeasible angle/speed combinations,S0; S1; S3; CH-03a; CH-03b; CH-01c
physics|4|work-by-forces,physics|4,"Work, Energy and Power",Work done by a constant force,CH-04b,listed,listed,listed,J-PDF p.3 Physics U4; A-PDF p.13 Mechanics; N-PDF p.4 Physics U4,required,topic audit pending,none,"Parallel, antiparallel and oblique force/displacement",Verify W=F·Δr including zero and negative work; an arrow's display length is not physical work,S0; S2; CH-03a
physics|4|work-by-variable-force,physics|4,"Work, Energy and Power","Work done by a variable force, including a force-displacement graph",CH-04b,listed,application,listed,J-PDF p.3 Physics U4; A-PDF p.13 Mechanics; N-PDF p.4 Physics U4,required,topic audit pending,none,"Piecewise F-x, signed area and nonuniform force path",Independently integrate F·dr with correct bounds; reject a curve with unsupported domain gaps,S0; S2; CH-03a
physics|4|kinetic-and-potential-energy,physics|4,"Work, Energy and Power",Kinetic energy,CH-04b,listed,listed,listed,J-PDF p.3 Physics U4; A-PDF p.13 Mechanics; N-PDF p.4 Physics U4,conditional,topic audit pending,none,Two masses/speeds; before/after kinetic energy,Recompute mv²/2 and unit conversion; a pure scalar exercise may receive an independent text-only decision,S0; S2; CH-03a
physics|4|gravitational-potential-energy,physics|4,"Work, Energy and Power",Gravitational potential energy,CH-04b,listed,listed,listed,J-PDF p.3 Physics U4; A-PDF p.13 Mechanics; N-PDF p.4 Physics U4,required,topic audit pending,none,Different reference heights; constant-g versus inverse-square model,Check ΔU and declared zero; reject silently switching gravity models mid-path,S0; S2; CH-03a
physics|4|work-energy-theorem,physics|4,"Work, Energy and Power",Work-energy theorem,CH-04b,listed,application,listed,J-PDF p.3 Physics U4; A-PDF p.13 Mechanics; N-PDF p.4 Physics U4,required,topic audit pending,none,Accelerating and decelerating bodies; several work contributors,Check ΣW=ΔK independently including dissipative terms; incompatible endpoint speeds reject,S0; S2; CH-03a
physics|4|power,physics|4,"Work, Energy and Power",Power,CH-04b,listed,listed,listed,J-PDF p.3 Physics U4; A-PDF p.13 Mechanics; N-PDF p.4 Physics U4,conditional,topic audit pending,none,Average work/time and instantaneous F·v; engine efficiency data,Distinguish average from instantaneous power and recompute units; zero interval cannot define finite average power,S0; S2; CH-03a
physics|4|spring-potential-energy,physics|4,"Work, Energy and Power",Potential energy of a spring,CH-04b,listed,application,listed,J-PDF p.3 Physics U4; A-PDF p.13 Mechanics; N-PDF p.4 Physics U4,required,topic audit pending,none,Stretch and compression around natural length,Check U=kx²/2 and F=-kx; reject negative stiffness or a false signed-energy curve,S0; S2; CH-03a
physics|4|conservation-of-mechanical-energy,physics|4,"Work, Energy and Power",Conservation of mechanical energy,CH-04b,listed,listed,listed,J-PDF p.3 Physics U4; A-PDF p.13 Mechanics; N-PDF p.4 Physics U4,required,topic audit pending,none,"Falling body, spring exchange and source-bound lossless path",Check K+U invariant; supplied friction must appear as an energy transfer rather than disappear,S0; S2; CH-03a
physics|4|conservative-and-non-conservative-forces,physics|4,"Work, Energy and Power",Conservative and non-conservative forces,CH-04b,listed,application,listed,J-PDF p.3 Physics U4; A-PDF p.13 Mechanics; N-PDF p.4 Physics U4,required,topic audit pending,none,Closed conservative path; path-dependent frictional work,Compare loop work and potential differences; a nonzero conservative loop integral rejects,S0; S2; CH-03a
physics|4|potential-energy-curve-and-equilibrium,physics|4,"Work, Energy and Power",Potential-energy curves and positions of equilibrium,CH-04b,application,application,application,J-PDF p.3 Physics U4; A-PDF p.13 Mechanics; N-PDF p.4 Physics U4,required,topic audit pending,none,"U-x minima/maxima; stable, unstable and neutral equilibria",Independently evaluate F=-dU/dx and local curvature; a stationary inflection cannot be called stable,S0; S2; CH-03a
physics|4|motion-in-a-vertical-circle,physics|4,"Work, Energy and Power",Motion in a vertical circle,CH-04a,listed,application,listed,J-PDF p.3 Physics U4; A-PDF p.13 Mechanics; N-PDF p.4 Physics U4,required,topic audit pending,none,Bottom/top/intermediate circle states; string versus rigid track; loss of contact,Solve energy and radial balance jointly; retain hard baseline vertical-circle case and reject negative tension/contact,S0; S1; S3; CH-03a; CH-03c; CH-04b
physics|4|collisions,physics|4,"Work, Energy and Power",Elastic collisions in one dimension,CH-04c,listed,listed,listed,J-PDF p.3 Physics U4; A-PDF p.13 Mechanics; N-PDF p.4 Physics U4,required,topic audit pending,none,Head-on collision; unequal masses and moving target,Check momentum and kinetic energy independently; inconsistent before/after states reject,S0; S1; S3; CH-03a; CH-04b
physics|4|inelastic-collisions-1d,physics|4,"Work, Energy and Power",Inelastic collisions in one dimension,CH-04c,listed,listed,listed,J-PDF p.3 Physics U4; A-PDF p.13 Mechanics; N-PDF p.4 Physics U4,required,topic audit pending,none,Head-on collision with 0<e<1 and energy loss,Check momentum plus restitution and nonincreasing kinetic energy; separate bodies still have distinct final velocities,S0; S1; S3; CH-03a; CH-04b
physics|4|perfectly-inelastic-collisions,physics|4,"Work, Energy and Power",Perfectly inelastic collisions,CH-04c,application,application,application,J-PDF p.3 Physics U4; A-PDF p.13 Mechanics; N-PDF p.4 Physics U4,required,topic audit pending,none,Sticking collision and ballistic-pendulum composite,Check common final velocity and lost kinetic energy; mechanical energy is not conserved during sticking,S0; S1; S3; CH-03a; CH-04b
physics|4|collisions-in-two-dimensions,physics|4,"Work, Energy and Power",Collisions in two dimensions,CH-04c,listed,listed,listed,J-PDF p.3 Physics U4; A-PDF p.13 Mechanics; N-PDF p.4 Physics U4,required,topic audit pending,none,Oblique elastic/inelastic impact with named directions,Verify both momentum components and declared collision model; scalar momentum cannot certify a planar collision,S0; S1; S3; CH-03a; CH-04b
physics|4|coefficient-of-restitution,physics|4,"Work, Energy and Power",Coefficient of restitution,CH-04c,application,application,application,J-PDF p.3 Physics U4; A-PDF p.13 Mechanics; N-PDF p.4 Physics U4,required,topic audit pending,none,"Separation/approach speeds; e=0, e=1 and intermediate values",Recompute restitution along line of impact; reject an inadmissible e or receding pre-impact pair,S0; S1; S3; CH-03a; CH-04b
physics|13|biot-savart-law,physics|13,Magnetic Effects of Current and Magnetism,Biot-Savart law and its application to a current-carrying circular loop,CH-05a,listed,listed,listed,J-PDF p.5 Physics U13; A-PDF p.15 Electricity and Magnetism; N-PDF p.6 Physics U13,required,topic audit pending,none,Circular loop centre/axis; signed current and coil turns,Independently integrate Biot-Savart and check axial limiting law; loop orientation must agree with current,S0; S2; S3
physics|13|field-at-the-centre-of-an-arc,physics|13,Magnetic Effects of Current and Magnetism,Magnetic field at the centre of a current-carrying arc,CH-05a,application,application,application,J-PDF p.5 Physics U13; A-PDF p.15 Electricity and Magnetism; N-PDF p.6 Physics U13,required,topic audit pending,none,Arc angle; connected radial segments and semicircle/full-loop limits,Check Barc=μ0Iθ/(4πR) and zero radial contribution; angle units and lead geometry are explicit,S0; S2; S3
physics|13|field-due-to-a-straight-wire,physics|13,Magnetic Effects of Current and Magnetism,Magnetic field due to a long straight current-carrying wire,CH-05a,listed,listed,listed,J-PDF p.5 Physics U13; A-PDF p.15 Electricity and Magnetism; N-PDF p.6 Physics U13,required,topic audit pending,none,Wire observation on either side; finite-wire extension versus infinite limit,Check μ0I/(2πr) for long-wire model and right-hand direction; finite ends cannot silently use infinite law,S0; S2; S3
physics|13|amperes-law,physics|13,Magnetic Effects of Current and Magnetism,Ampere's law and its application to an infinitely long straight wire,CH-05a,listed,listed,listed,J-PDF p.5 Physics U13; A-PDF p.15 Electricity and Magnetism; N-PDF p.6 Physics U13,required,topic audit pending,none,Circular Amperian path; enclosed versus exterior currents,Verify ∮B·dl=μ0Ienclosed under supplied symmetry; law alone cannot infer uniform field on an arbitrary path,S0; S2; S3
physics|13|field-due-to-solenoid-and-toroid,physics|13,Magnetic Effects of Current and Magnetism,Ampere's law for a solenoid and a toroid,CH-05a,review,application,review,J-PDF p.5 Physics U13; A-PDF p.15 Electricity and Magnetism; N-PDF p.6 Physics U13,required,topic audit pending,none,Long solenoid interior/end limits; ideal toroid interior/exterior,"Verify B=μ0nI or μ0NI/(2πr) in supported regions; J/N explicitly list solenoid but not standalone toroid, so mixed label needs scope review",S0; S2; S3
physics|13|force-on-moving-charge,physics|13,Magnetic Effects of Current and Magnetism,Force on a moving charge in uniform magnetic and electric fields,CH-05b,listed,listed,listed,J-PDF p.5 Physics U13; A-PDF p.15 Electricity and Magnetism; N-PDF p.6 Physics U13,required,topic audit pending,candidate: packages/scene-engine/src/compile/magneticGeometry.ts; packages/scene-engine/scripts/verify/verify-magnetic-operators.ts,"Positive/negative charge; parallel/perpendicular v,B; electric force too","Check q(E+v×B), zero parallel magnetic force and units; page-normal glyph is not a planar path",S0; S3; CH-01c; CH-05a
physics|13|velocity-selector,physics|13,Magnetic Effects of Current and Magnetism,Velocity selector,CH-05b,application,application,application,J-PDF p.5 Physics U13; A-PDF p.15 Electricity and Magnetism; N-PDF p.6 Physics U13,required,topic audit pending,candidate: packages/scene-engine/src/compile/magneticGeometry.ts; packages/scene-engine/scripts/verify/verify-magnetic-operators.ts,"Crossed E,B; selected positive/negative charge beam",Check E+v×B=0 and v=E/B only for perpendicular crossed fields; direction-reversed force balance rejects,S0; S3; CH-01c; CH-05a
physics|13|cyclotron-and-circular-motion-in-b,physics|13,Magnetic Effects of Current and Magnetism,Circular motion in a magnetic field and the cyclotron,CH-05b,review,application,review,J-PDF p.5 Physics U13; A-PDF p.15 Electricity and Magnetism; N-PDF p.6 Physics U13,required,topic audit pending,candidate: packages/scene-engine/src/compile/magneticGeometry.ts; packages/scene-engine/scripts/verify/verify-magnetic-operators.ts,Circular orbit and cyclotron alternating-gap accelerator,"Check radius=mv/(abs(q)B), period and gap polarity; circular force is an application, named cyclotron is unlisted and mixed scope needs review",S0; S3; CH-01c; CH-05a
physics|13|helical-path-in-magnetic-field,physics|13,Magnetic Effects of Current and Magnetism,Helical path of a charge in a magnetic field,CH-05b,application,application,application,J-PDF p.5 Physics U13; A-PDF p.15 Electricity and Magnetism; N-PDF p.6 Physics U13,required,topic audit pending,candidate: packages/scene-engine/src/compile/magneticGeometry.ts; packages/scene-engine/scripts/verify/verify-magnetic-operators.ts,Parallel/perpendicular velocity components; pitch and handedness,"Check radius, cyclotron period and pitch=vparallelT in world coordinates; 2D projection alone cannot certify a helix",S0; S3; CH-01c; CH-05a
physics|13|force-on-current-carrying-conductor,physics|13,Magnetic Effects of Current and Magnetism,Force on a current-carrying conductor in a uniform magnetic field,CH-05b,listed,listed,listed,J-PDF p.5 Physics U13; A-PDF p.15 Electricity and Magnetism; N-PDF p.6 Physics U13,required,topic audit pending,candidate: packages/scene-engine/src/compile/magneticGeometry.ts; packages/scene-engine/scripts/verify/verify-magnetic-operators.ts,Straight conductor parallel/oblique to B; signed current direction,Check F=I L×B and distributed cancellation where supplied; a conductor path is not an arbitrary force arrow,S0; S3; CH-01c; CH-05a
physics|13|force-between-parallel-conductors,physics|13,Magnetic Effects of Current and Magnetism,Force between two parallel current-carrying conductors,CH-05b,listed,application,listed,J-PDF p.5 Physics U13; A-PDF p.15 Electricity and Magnetism; N-PDF p.6 Physics U13,required,topic audit pending,candidate: packages/scene-engine/src/compile/magneticGeometry.ts; packages/scene-engine/scripts/verify/verify-magnetic-operators.ts,Equal/opposite parallel currents; unequal currents and separation,Verify force/length=μ0I1I2/(2πd) and attraction/repulsion; wire identities and reciprocal forces remain distinct,S0; S3; CH-01c; CH-05a
physics|13|definition-of-ampere,physics|13,Magnetic Effects of Current and Magnetism,Definition of ampere,CH-05b,listed,application,listed,J-PDF p.5 Physics U13; A-PDF p.15 Electricity and Magnetism; N-PDF p.6 Physics U13,text_only,topic audit pending,candidate: packages/scene-engine/src/compile/magneticGeometry.ts; packages/scene-engine/scripts/verify/verify-magnetic-operators.ts,Historical force-based ampere definition versus current SI definition,Verify stated historical conditions and contemporary constant-defined SI distinction; definition recall needs no invented wire diagram,S0; S3; CH-01c; CH-05a
physics|13|torque-on-current-loop,physics|13,Magnetic Effects of Current and Magnetism,Torque experienced by a current loop in a uniform magnetic field,CH-05b,listed,listed,listed,J-PDF p.5 Physics U13; A-PDF p.15 Electricity and Magnetism; N-PDF p.6 Physics U13,required,topic audit pending,candidate: packages/scene-engine/src/compile/magneticGeometry.ts; packages/scene-engine/scripts/verify/verify-magnetic-operators.ts,"Loop normal, field and angle; arbitrary source-defined area",Check τ=m×B with m=NIA n; a projected loop area cannot certify world area,S0; S3; CH-01c; CH-05a
physics|13|moving-coil-galvanometer,physics|13,Magnetic Effects of Current and Magnetism,Moving coil galvanometer and its sensitivity,CH-05c,listed,listed,listed,J-PDF p.5 Physics U13; A-PDF p.15 Electricity and Magnetism; N-PDF p.6 Physics U13,required,topic audit pending,none,"Coil, spring and radial field; current/voltage sensitivity",Check NBAI=κθ and sensitivity units under stated linear model; missing torsion constant cannot be invented,S0; S1; S3; S5; CH-02a; CH-05b
physics|13|galvanometer-to-ammeter-and-voltmeter,physics|13,Magnetic Effects of Current and Magnetism,Conversion of a galvanometer to an ammeter and a voltmeter,CH-05c,listed,listed,listed,J-PDF p.5 Physics U13; A-PDF p.15 Electricity and Magnetism; N-PDF p.6 Physics U13,required,topic audit pending,none,Shunt parallel with galvanometer; series multiplier for voltmeter,Independently derive shunt/multiplier values and terminal topology; swapped conversion connections reject,S0; S1; S3; S5; CH-02a; CH-05b
physics|13|current-loop-as-magnetic-dipole,physics|13,Magnetic Effects of Current and Magnetism,Current loop as a magnetic dipole and its magnetic dipole moment,CH-05b,listed,listed,listed,J-PDF p.5 Physics U13; A-PDF p.15 Electricity and Magnetism; N-PDF p.6 Physics U13,required,topic audit pending,candidate: packages/scene-engine/src/compile/magneticGeometry.ts; packages/scene-engine/scripts/verify/verify-magnetic-operators.ts,"Loop turns, oriented area and current reversal",Check m=NIA n and orientation; torque magnitude cannot substitute dipole-moment units,S0; S3; CH-01c; CH-05a
physics|13|magnetic-moment-of-a-revolving-charge,physics|13,Magnetic Effects of Current and Magnetism,Magnetic moment of a revolving charge,CH-05b,application,application,application,J-PDF p.5 Physics U13; A-PDF p.15 Electricity and Magnetism; N-PDF p.6 Physics U13,required,topic audit pending,candidate: packages/scene-engine/src/compile/magneticGeometry.ts; packages/scene-engine/scripts/verify/verify-magnetic-operators.ts,Charge orbit direction and orbital period,Check I=q/T and m=IA with charge sign; angular momentum proportionality needs the declared particle model,S0; S3; CH-01c; CH-05a
physics|13|bar-magnet-and-magnetic-field-lines,physics|13,Magnetic Effects of Current and Magnetism,Bar magnet and magnetic field lines,CH-05c,listed,supplemental,listed,J-PDF p.5 Physics U13; A-PDF p.15 Electricity and Magnetism; N-PDF p.6 Physics U13,required,topic audit pending,none,"Bar magnet poles, external lines and return path",Check qualitative closed field topology and tangent directions; Advanced current-loop moment does not enumerate bar-magnet scope,S0; S1; S3; S5; CH-02a; CH-05b
physics|13|bar-magnet-as-equivalent-solenoid,physics|13,Magnetic Effects of Current and Magnetism,Bar magnet as an equivalent solenoid,CH-05c,listed,supplemental,listed,J-PDF p.5 Physics U13; A-PDF p.15 Electricity and Magnetism; N-PDF p.6 Physics U13,required,topic audit pending,none,Solenoid/bar-magnet qualitative correspondence and orientation,Check equivalent moment orientation and external-field relation; equivalence is not exact near-field geometry,S0; S1; S3; S5; CH-02a; CH-05b
physics|13|magnetic-field-of-bar-magnet,physics|13,Magnetic Effects of Current and Magnetism,Magnetic field due to a magnetic dipole or bar magnet along its axis and perpendicular to its axis,CH-05c,listed,supplemental,listed,J-PDF p.5 Physics U13; A-PDF p.15 Electricity and Magnetism; N-PDF p.6 Physics U13,required,topic audit pending,none,Axial/equatorial far fields and finite bar source model,Check dipole 1/r³ laws and opposite equatorial direction within far-field limit; unspecified pole spacing cannot certify exact near field,S0; S1; S3; S5; CH-02a; CH-05b
physics|13|earths-magnetic-field-and-elements,physics|13,Magnetic Effects of Current and Magnetism,Earth's magnetic field and magnetic elements,CH-05c,supplemental,supplemental,supplemental,J-PDF p.5 Physics U13; A-PDF p.15 Electricity and Magnetism; N-PDF p.6 Physics U13,required,topic audit pending,none,"Declination, inclination and horizontal field at supplied location",Check Bhorizontal=BcosI and coordinate conventions; current official sources do not enumerate terrestrial magnetic elements,S0; S1; S3; S5; CH-02a; CH-05b
physics|13|torque-on-magnetic-dipole,physics|13,Magnetic Effects of Current and Magnetism,Torque on a magnetic dipole in a uniform magnetic field,CH-05c,listed,application,listed,J-PDF p.5 Physics U13; A-PDF p.15 Electricity and Magnetism; N-PDF p.6 Physics U13,required,topic audit pending,none,Current-loop or bar-magnet dipole; parallel/antiparallel field,"Check m×B and -m·B with supplied moment; Advanced application uses the current-loop model, not a new bar-magnet heading",S0; S1; S3; S5; CH-02a; CH-05b
physics|13|magnetic-materials-and-temperature,physics|13,Magnetic Effects of Current and Magnetism,"Para-, dia-, and ferromagnetic substances with examples and the effect of temperature on magnetic properties",CH-05c,listed,supplemental,listed,J-PDF p.5 Physics U13; A-PDF p.15 Electricity and Magnetism; N-PDF p.6 Physics U13,conditional,topic audit pending,none,Dia/para/ferromagnetic response; supplied temperature dependence,Check signed susceptibility and stated temperature/model limits against independent facts; no quantitative hysteresis or Curie curve without data,S0; S1; S3; S5; CH-02a; CH-05b
physics|5|centre-of-mass,physics|5,Rotational Motion,Centre of mass of a two-particle system and of a rigid body,CH-07a,listed,listed,listed,J-PDF p.3 Physics U5; A-PDF p.13 Mechanics; N-PDF p.4 Physics U5,required,topic audit pending,none,"Two unequal point masses; uniform rod, disc and composite body",Check weighted sum or independent mass integral and source axis; holes subtract mass rather than add a body,S0; S2; S3
physics|5|motion-of-centre-of-mass,physics|5,Rotational Motion,Motion of the centre of mass,CH-07a,application,listed,application,J-PDF p.3 Physics U5; A-PDF p.13 Mechanics; N-PDF p.4 Physics U5,required,topic audit pending,none,External-force acceleration and internal interaction,Verify M aCOM=ΣFexternal; internal forces cannot move an isolated COM,S0; S2; S3
physics|5|rotational-motion-basics,physics|5,Rotational Motion,Basic concepts of rotational motion,CH-07b,listed,application,listed,J-PDF p.3 Physics U5; A-PDF p.13 Mechanics; N-PDF p.4 Physics U5,required,topic audit pending,candidate: packages/scene-engine/src/compile/rotationGeometry.ts; packages/scene-engine/scripts/verify/verify-rotation-operators.ts,Clockwise/anticlockwise fixed-axis rotation; angular states,Independently differentiate θ(t) and preserve one world axis; linear display coordinates cannot certify angular speed,S0; S1; S3; CH-07a; CH-03a
physics|5|torque-and-angular-momentum,physics|5,Rotational Motion,Moment of a force and torque,CH-07b,listed,listed,listed,J-PDF p.3 Physics U5; A-PDF p.13 Mechanics; N-PDF p.4 Physics U5,required,topic audit pending,candidate: packages/scene-engine/src/compile/rotationGeometry.ts; packages/scene-engine/scripts/verify/verify-rotation-operators.ts,Perpendicular and oblique force; zero lever arm,Check τ=r×F and signed page-normal orientation; a force through the axis produces zero torque,S0; S1; S3; CH-07a; CH-03a
physics|5|angular-momentum,physics|5,Rotational Motion,Angular momentum,CH-07b,listed,listed,listed,J-PDF p.3 Physics U5; A-PDF p.13 Mechanics; N-PDF p.4 Physics U5,required,topic audit pending,candidate: packages/scene-engine/src/compile/rotationGeometry.ts; packages/scene-engine/scripts/verify/verify-rotation-operators.ts,Particle and supported rigid-body angular momentum,Compute r×p or Iω about the stated axis; changing origin must change the appropriate quantity,S0; S1; S3; CH-07a; CH-03a
physics|5|angular-momentum-conservation,physics|5,Rotational Motion,Conservation of angular momentum and its applications,CH-07b,listed,listed,listed,J-PDF p.3 Physics U5; A-PDF p.13 Mechanics; N-PDF p.4 Physics U5,required,topic audit pending,candidate: packages/scene-engine/src/compile/rotationGeometry.ts; packages/scene-engine/scripts/verify/verify-rotation-operators.ts,Inertia redistribution and source-defined isolated rotation,Check angular momentum before/after and external torque assumptions; kinetic energy need not remain constant,S0; S1; S3; CH-07a; CH-03a
physics|5|angular-impulse,physics|5,Rotational Motion,Angular impulse,CH-07b,application,application,application,J-PDF p.3 Physics U5; A-PDF p.13 Mechanics; N-PDF p.4 Physics U5,required,topic audit pending,candidate: packages/scene-engine/src/compile/rotationGeometry.ts; packages/scene-engine/scripts/verify/verify-rotation-operators.ts,Constant/piecewise torque pulse,Check ∫τdt=ΔL; impulse about mismatched axes rejects,S0; S1; S3; CH-07a; CH-03a
physics|5|moment-of-inertia-and-radius-of-gyration,physics|5,Rotational Motion,Moment of inertia and radius of gyration,CH-07a,listed,application,listed,J-PDF p.3 Physics U5; A-PDF p.13 Mechanics; N-PDF p.4 Physics U5,required,topic audit pending,none,Point masses; inertia and radius of gyration about specified axis,Check I=Σmr² and k²=I/M; radius of gyration is not the body's outer radius,S0; S2; S3
physics|5|moments-of-inertia-for-simple-objects,physics|5,Rotational Motion,Values of moments of inertia for simple geometrical objects,CH-07a,listed,listed,listed,J-PDF p.3 Physics U5; A-PDF p.13 Mechanics; N-PDF p.4 Physics U5,required,topic audit pending,none,"Uniform rod, ring, disc, cylinder and sphere; symmetry axis versus diameter",Verify supported analytic inertia by independent integration; unspecified mass distribution cannot earn exact inertia,S0; S2; S3
physics|5|axes-theorems,physics|5,Rotational Motion,Parallel and perpendicular axes theorems and their applications,CH-07a,listed,listed,listed,J-PDF p.3 Physics U5; A-PDF p.13 Mechanics; N-PDF p.4 Physics U5,required,topic audit pending,none,Parallel offset axes; perpendicular axes for planar lamina only,Check I=ICOM+Md² and Iz=Ix+Iy hypotheses; reject perpendicular-axis use for a general 3D body,S0; S2; S3
physics|5|equilibrium-of-rigid-bodies,physics|5,Rotational Motion,Equilibrium of rigid bodies,CH-07b,listed,listed,listed,J-PDF p.3 Physics U5; A-PDF p.13 Mechanics; N-PDF p.4 Physics U5,required,topic audit pending,candidate: packages/scene-engine/src/compile/rotationGeometry.ts; packages/scene-engine/scripts/verify/verify-rotation-operators.ts,"Beam supports, couples and several applied forces",Check ΣF=0 and Στ=0 with nonnegative support reactions; force balance alone is insufficient,S0; S1; S3; CH-07a; CH-03a
physics|5|rigid-body-rotation-equations,physics|5,Rotational Motion,Rigid body rotation and equations of rotational motion,CH-07b,listed,listed,listed,J-PDF p.3 Physics U5; A-PDF p.13 Mechanics; N-PDF p.4 Physics U5,required,topic audit pending,candidate: packages/scene-engine/src/compile/rotationGeometry.ts; packages/scene-engine/scripts/verify/verify-rotation-operators.ts,Constant angular acceleration; torque-driven fixed-axis body,Verify τ=Iα and angular kinematic identities; variable I cannot silently use constant-I dynamics,S0; S1; S3; CH-07a; CH-03a
physics|5|linear-and-rotational-comparison,physics|5,Rotational Motion,Comparison of linear and rotational motions,CH-07b,listed,application,listed,J-PDF p.3 Physics U5; A-PDF p.13 Mechanics; N-PDF p.4 Physics U5,conditional,topic audit pending,candidate: packages/scene-engine/src/compile/rotationGeometry.ts; packages/scene-engine/scripts/verify/verify-rotation-operators.ts,Linear/angular variable correspondence and units,Independently check v=rω and a_t=rα under fixed-radius assumptions; correspondence is not equality of dimensions,S0; S1; S3; CH-07a; CH-03a
physics|5|rolling-without-slipping,physics|5,Rotational Motion,Rolling without slipping,CH-07c,supplemental,listed,supplemental,J-PDF p.3 Physics U5; A-PDF p.13 Mechanics; N-PDF p.4 Physics U5,required,topic audit pending,none,"Ring, cylinder and sphere on flat/inclined surfaces","Check vCOM=Rω, contact-point zero speed and total energy; friction direction follows the torque constraints",S0; S1; S3; CH-07a; CH-07b; CH-03b; CH-04b; CH-04c
physics|5|rolling-with-slipping,physics|5,Rotational Motion,Rolling with slipping,CH-07c,supplemental,supplemental,supplemental,J-PDF p.3 Physics U5; A-PDF p.13 Mechanics; N-PDF p.4 Physics U5,required,topic audit pending,none,Sliding spin-up or spin-down with kinetic friction,Solve translational and angular equations plus slip sign; do not claim the Advanced no-slip restriction covers this extension,S0; S1; S3; CH-07a; CH-07b; CH-03b; CH-04b; CH-04c
physics|5|combined-translation-and-rotation,physics|5,Rotational Motion,Combined translational and rotational motion,CH-07c,application,application,application,J-PDF p.3 Physics U5; A-PDF p.13 Mechanics; N-PDF p.4 Physics U5,required,topic audit pending,none,Translation plus fixed-axis spin; off-centre point-mass collision with rigid body,"Check COM motion, angular momentum and contact/energy laws independently; collision frame and axis must agree",S0; S1; S3; CH-07a; CH-07b; CH-03b; CH-04b; CH-04c
physics|5|instantaneous-axis-of-rotation,physics|5,Rotational Motion,Instantaneous axis of rotation,CH-07c,application,application,application,J-PDF p.3 Physics U5; A-PDF p.13 Mechanics; N-PDF p.4 Physics U5,required,topic audit pending,none,Instantaneous centre in planar no-slip motion; finite and pure-translation limit,Verify each point velocity ω×r from the same instant; pure translation has no finite instantaneous centre,S0; S1; S3; CH-07a; CH-07b; CH-03b; CH-04b; CH-04c
physics|11|charge-conservation-and-coulombs-law,physics|11,Electrostatics,Electric charges and conservation of charge,CH-08c,listed,application,listed,J-PDF p.4 Physics U11; A-PDF p.14–15 Electricity and Magnetism; N-PDF p.5–6 Physics U11,conditional,topic audit pending,none,Transfer and induction; isolated total positive/negative charge,Independently balance total charge and carrier signs; grounding is an external charge reservoir,S0; S1; S2; S3; CH-08a; CH-08b
physics|11|coulombs-law-for-point-charges,physics|11,Electrostatics,Coulomb's law for two point charges,CH-08a,listed,listed,listed,J-PDF p.4 Physics U11; A-PDF p.14–15 Electricity and Magnetism; N-PDF p.5–6 Physics U11,required,topic audit pending,candidate: packages/scene-engine/src/compile/fieldGeometry.ts; packages/scene-engine/scripts/verify/verify-field-operators.ts,Like/unlike charges; unequal separation and signs,Check vector Coulomb force and equal/opposite pair forces; coincident point charges reject,S0; S3
physics|11|multiple-charges-and-superposition,physics|11,Electrostatics,"Forces between multiple charges, superposition principle, and continuous charge distribution",CH-08b,listed,application,listed,J-PDF p.4 Physics U11; A-PDF p.14–15 Electricity and Magnetism; N-PDF p.5–6 Physics U11,required,topic audit pending,none,Discrete superposition and supplied line/surface density,Independently sum or integrate source charge elements; distribution and domain cannot be guessed from a drawing,S0; S2; S3; CH-08a
physics|11|electric-field-for-point-charge,physics|11,Electrostatics,Electric field due to a point charge,CH-08a,listed,listed,listed,J-PDF p.4 Physics U11; A-PDF p.14–15 Electricity and Magnetism; N-PDF p.5–6 Physics U11,required,topic audit pending,candidate: packages/scene-engine/src/compile/fieldGeometry.ts; packages/scene-engine/scripts/verify/verify-field-operators.ts,Positive/negative point source; observation at several positions,Check E=kq r/r³ and test-charge independence; zero distance cannot produce finite field,S0; S3
physics|11|electric-field-lines,physics|11,Electrostatics,Electric field lines,CH-08a,listed,listed,listed,J-PDF p.4 Physics U11; A-PDF p.14–15 Electricity and Magnetism; N-PDF p.5–6 Physics U11,required,topic audit pending,candidate: packages/scene-engine/src/compile/fieldGeometry.ts; packages/scene-engine/scripts/verify/verify-field-operators.ts,"Single charge, dipole and source-bound line sketch","Check tangent field direction, source/sink signs and no crossing; line density remains schematic unless quantitatively defined",S0; S3
physics|11|field-on-axis-of-a-charged-ring,physics|11,Electrostatics,Electric field on the axis of a uniformly charged ring,CH-08b,application,application,application,J-PDF p.4 Physics U11; A-PDF p.14–15 Electricity and Magnetism; N-PDF p.5–6 Physics U11,required,topic audit pending,none,"Ring axis; centre, ±axis, near/far limits and axial-field maximum","Independently integrate Eaxis=kQz/(z²+R²)^(3/2), transverse cancellation and centre zero; reject off-axis use of the axial formula",S0; S2; S3; CH-08a
physics|11|electric-dipole-and-its-field,physics|11,Electrostatics,Electric dipole and electric field due to a dipole,CH-08a,listed,application,listed,J-PDF p.4 Physics U11; A-PDF p.14–15 Electricity and Magnetism; N-PDF p.5–6 Physics U11,required,topic audit pending,candidate: packages/scene-engine/src/compile/fieldGeometry.ts; packages/scene-engine/scripts/verify/verify-field-operators.ts,Finite dipole axial/equatorial and far-field limits,Verify superposition before applying asymptotic 1/r³ law; distinguish exact finite separation from ideal-dipole approximation,S0; S3
physics|11|torque-on-electric-dipole,physics|11,Electrostatics,Torque on a dipole in a uniform electric field,CH-08a,listed,application,listed,J-PDF p.4 Physics U11; A-PDF p.14–15 Electricity and Magnetism; N-PDF p.5–6 Physics U11,required,topic audit pending,candidate: packages/scene-engine/src/compile/fieldGeometry.ts; packages/scene-engine/scripts/verify/verify-field-operators.ts,"Parallel, antiparallel and oblique dipole in uniform E",Check τ=p×E and zero-force uniform-field assumption; nonuniform field requires a separate force calculation,S0; S3
physics|11|electric-flux-and-gausss-law,physics|11,Electrostatics,Electric flux and Gauss's law,CH-08b,listed,listed,listed,J-PDF p.4 Physics U11; A-PDF p.14–15 Electricity and Magnetism; N-PDF p.5–6 Physics U11,required,topic audit pending,none,Closed Gaussian surface; inward/outward normals and enclosed charge,Independently integrate E·dA=qenclosed/ε0; a surface is not the source distribution,S0; S2; S3; CH-08a
physics|11|gausss-law-field-applications,physics|11,Electrostatics,Gauss's law for a uniformly charged thin spherical shell,CH-08b,listed,listed,listed,J-PDF p.4 Physics U11; A-PDF p.14–15 Electricity and Magnetism; N-PDF p.5–6 Physics U11,required,topic audit pending,none,"Thin shell interior, just-inside/outside and exterior","Check field zero inside, exterior kQ/r² and boundary convention; unsupported thick/inhomogeneous sphere cannot inherit shell law",S0; S2; S3; CH-08a
physics|11|gauss-law-infinite-line,physics|11,Electrostatics,Gauss's law for an infinitely long uniformly charged straight wire,CH-08b,listed,listed,listed,J-PDF p.4 Physics U11; A-PDF p.14–15 Electricity and Magnetism; N-PDF p.5–6 Physics U11,required,topic audit pending,none,Cylindrical Gaussian surface around infinite line; radial direction,Check E=λ/(2πε0r) and flux through side/end caps; finite wire ends need another model,S0; S2; S3; CH-08a
physics|11|gauss-law-infinite-sheet,physics|11,Electrostatics,Gauss's law for a uniformly charged infinite plane sheet,CH-08b,listed,listed,listed,J-PDF p.4 Physics U11; A-PDF p.14–15 Electricity and Magnetism; N-PDF p.5–6 Physics U11,required,topic audit pending,none,Pillbox straddling infinite sheet; both side signs,Check E=σ/(2ε0) and jump σ/ε0; a conductor surface has different boundary conditions,S0; S2; S3; CH-08a
physics|11|electric-potential-and-potential-difference,physics|11,Electrostatics,Electric potential and potential difference,CH-08c,listed,listed,listed,J-PDF p.4 Physics U11; A-PDF p.14–15 Electricity and Magnetism; N-PDF p.5–6 Physics U11,required,topic audit pending,none,Potential differences along two paths and specified zero reference,Check ΔV=-∫E·dl and path independence under electrostatics; mismatched references reject,S0; S1; S2; S3; CH-08a; CH-08b
physics|11|potential-for-point-charge-dipole-and-system,physics|11,Electrostatics,"Electric potential for a point charge, an electric dipole, and a system of charges",CH-08c,listed,application,listed,J-PDF p.4 Physics U11; A-PDF p.14–15 Electricity and Magnetism; N-PDF p.5–6 Physics U11,required,topic audit pending,none,"Point charge, finite dipole and several charges",Independently sum kqi/ri and dipole limits; nonphysical source coincidence cannot certify finite potential,S0; S1; S2; S3; CH-08a; CH-08b
physics|11|equipotential-surfaces,physics|11,Electrostatics,Equipotential surfaces,CH-08a,listed,application,listed,J-PDF p.4 Physics U11; A-PDF p.14–15 Electricity and Magnetism; N-PDF p.5–6 Physics U11,required,topic audit pending,candidate: packages/scene-engine/src/compile/fieldGeometry.ts; packages/scene-engine/scripts/verify/verify-field-operators.ts,Point-charge spheres/circles and dipole equipotentials,Check constant potential and E perpendicular to the contour in the owning frame; projection is not a world-angle proof,S0; S3
physics|11|electrostatic-potential-energy-of-charge-systems,physics|11,Electrostatics,Electrical potential energy of a system of charges,CH-08c,application,listed,application,J-PDF p.4 Physics U11; A-PDF p.14–15 Electricity and Magnetism; N-PDF p.5–6 Physics U11,required,topic audit pending,none,Two and multiple point charges; source assembly order,Check U=Σi<j kqiqj/rij without double counting; continuous self-energy needs its own bounded model,S0; S1; S2; S3; CH-08a; CH-08b
physics|11|dipole-potential-energy-in-field,physics|11,Electrostatics,Electrical potential energy of an electric dipole in an electrostatic field,CH-08a,listed,listed,listed,J-PDF p.4 Physics U11; A-PDF p.14–15 Electricity and Magnetism; N-PDF p.5–6 Physics U11,required,topic audit pending,candidate: packages/scene-engine/src/compile/fieldGeometry.ts; packages/scene-engine/scripts/verify/verify-field-operators.ts,Dipole rotated through uniform E; stable/unstable orientations,Check U=-p·E and τ=-dU/dθ; energy zero must be declared,S0; S3
physics|11|conductors-insulators-and-polarization,physics|11,Electrostatics,Conductors and insulators,CH-08c,listed,application,listed,J-PDF p.4 Physics U11; A-PDF p.14–15 Electricity and Magnetism; N-PDF p.5–6 Physics U11,required,topic audit pending,none,Electrostatic conductor interior/surface; grounded versus isolated; insulator comparison,Check zero interior field and equipotential conductor with source boundaries; induced surface charge is not uniform by default,S0; S1; S2; S3; CH-08a; CH-08b
physics|11|dielectrics-and-polarization,physics|11,Electrostatics,Dielectrics and electric polarization,CH-08c,listed,application,listed,J-PDF p.4 Physics U11; A-PDF p.14–15 Electricity and Magnetism; N-PDF p.5–6 Physics U11,required,topic audit pending,none,Polarized dielectric between plates; bound versus free charge,Check supplied permittivity and polarization relation with assumptions; qualitative dipoles cannot certify a material's dielectric constant,S0; S1; S2; S3; CH-08a; CH-08b
physics|11|charge-sharing-between-conductors,physics|11,Electrostatics,Sharing of charge between conductors,CH-08c,application,application,application,J-PDF p.4 Physics U11; A-PDF p.14–15 Electricity and Magnetism; N-PDF p.5–6 Physics U11,required,topic audit pending,none,Two isolated conducting spheres connected then separated; unequal radii; grounded variant,Check total charge and equal final potentials with stated capacitance/separation model; touching geometry cannot silently use far-separated sphere capacitances,S0; S1; S2; S3; CH-08a; CH-08b
physics|11|capacitors-and-combinations,physics|11,Electrostatics,"Capacitors, capacitance, and combinations of capacitors in series and parallel",CH-08c,listed,listed,listed,J-PDF p.4 Physics U11; A-PDF p.14–15 Electricity and Magnetism; N-PDF p.5–6 Physics U11,required,topic audit pending,none,Series and parallel capacitors; source polarity and node charge,"Check equivalent capacitance, common series charge and parallel voltage; shorted/open topology must not be guessed",S0; S1; S2; S3; CH-08a; CH-08b
physics|11|parallel-plate-capacitor-with-dielectric,physics|11,Electrostatics,Capacitance of a parallel plate capacitor with and without dielectric medium,CH-08c,listed,listed,listed,J-PDF p.4 Physics U11; A-PDF p.14–15 Electricity and Magnetism; N-PDF p.5–6 Physics U11,required,topic audit pending,none,Full/partial dielectric fill; battery-connected versus isolated changes,Independently compute capacitance from geometry and boundary conditions; charge or voltage conservation depends on battery state,S0; S1; S2; S3; CH-08a; CH-08b
physics|11|capacitor-with-conducting-slab,physics|11,Electrostatics,Parallel plate capacitor with a conducting slab,CH-08c,application,application,application,J-PDF p.4 Physics U11; A-PDF p.14–15 Electricity and Magnetism; N-PDF p.5–6 Physics U11,required,topic audit pending,none,Floating conducting slab of thickness t<d; offsets; isolated versus connected battery,Check Eslab=0 and C=ε0A/(d-t) only for the stated no-fringing unconnected slab; t≥d or wired slab changes topology and rejects that formula,S0; S1; S2; S3; CH-08a; CH-08b
physics|11|energy-stored-in-capacitor,physics|11,Electrostatics,Energy stored in a capacitor,CH-08c,listed,listed,listed,J-PDF p.4 Physics U11; A-PDF p.14–15 Electricity and Magnetism; N-PDF p.5–6 Physics U11,required,topic audit pending,none,Charging/discharging and dielectric insertion at fixed Q or V,Check U=Q²/(2C)=CV²/2 and battery/mechanical energy accounting; increased capacitance cannot use both fixed Q and fixed V silently,S0; S1; S2; S3; CH-08a; CH-08b
physics|14|faradays-law,physics|14,Electromagnetic Induction and Alternating Currents,Electromagnetic induction and Faraday's law,CH-09a,listed,listed,listed,J-PDF p.5 Physics U14; A-PDF p.15 Electricity and Magnetism; N-PDF p.6 Physics U14,required,topic audit pending,candidate: packages/scene-engine/src/compile/inductionGeometry.ts; packages/scene-engine/scripts/verify/verify-induction-operators.ts,"Oriented loops; changing B, area or angle and coil turns",Check emf=-d(NΦ)/dt and units from supplied time law; a loop's source orientation must remain fixed or explicitly time-dependent,S0; S1; S2; S3; CH-02a; CH-05a
physics|14|induced-emf-current-and-lenz-law,physics|14,Electromagnetic Induction and Alternating Currents,Induced EMF and current and Lenz's law,CH-09a,listed,application,listed,J-PDF p.5 Physics U14; A-PDF p.15 Electricity and Magnetism; N-PDF p.6 Physics U14,required,topic audit pending,candidate: packages/scene-engine/src/compile/inductionGeometry.ts; packages/scene-engine/scripts/verify/verify-induction-operators.ts,Flux increasing/decreasing; reversed winding and open/closed circuit,Verify Lenz polarity and I only from a supplied closed circuit; open-loop emf cannot imply current,S0; S1; S2; S3; CH-02a; CH-05a
physics|14|motional-emf,physics|14,Electromagnetic Induction and Alternating Currents,"Motional EMF, including a rod translating in a magnetic field",CH-09a,application,application,application,J-PDF p.5 Physics U14; A-PDF p.15 Electricity and Magnetism; N-PDF p.6 Physics U14,required,topic audit pending,candidate: packages/scene-engine/src/compile/inductionGeometry.ts; packages/scene-engine/scripts/verify/verify-induction-operators.ts,Sliding rod on rails; reversed motion/field; finite circuit resistance,Independently integrate (v×B)·dl and check mechanical/electrical power; missing return path cannot yield a current,S0; S1; S2; S3; CH-02a; CH-05a
physics|14|eddy-currents-and-inductance,physics|14,Electromagnetic Induction and Alternating Currents,Eddy currents,CH-09a,listed,application,listed,J-PDF p.5 Physics U14; A-PDF p.15 Electricity and Magnetism; N-PDF p.6 Physics U14,required,topic audit pending,candidate: packages/scene-engine/src/compile/inductionGeometry.ts; packages/scene-engine/scripts/verify/verify-induction-operators.ts,Conductor entering/leaving field; drag versus no flux change,Check induced circulation opposes change and qualitative energy dissipation; do not invent a unique eddy-current map without boundary data,S0; S1; S2; S3; CH-02a; CH-05a
physics|14|self-inductance,physics|14,Electromagnetic Induction and Alternating Currents,Self inductance,CH-09b,listed,listed,listed,J-PDF p.5 Physics U14; A-PDF p.15 Electricity and Magnetism; N-PDF p.6 Physics U14,required,topic audit pending,none,Coil flux linkage; current ramp and stored magnetic energy,Check emf=-L dI/dt and U=LI²/2 for linear constant L; varying L needs explicit total derivative,S0; S1; S2; S3; CH-02a; CH-09a
physics|14|mutual-inductance,physics|14,Electromagnetic Induction and Alternating Currents,Mutual inductance,CH-09b,listed,listed,listed,J-PDF p.5 Physics U14; A-PDF p.15 Electricity and Magnetism; N-PDF p.6 Physics U14,required,topic audit pending,none,Coupled coils; winding-dot polarity and coupling strength,Check mutual emf and abs(M)≤sqrt(L1L2); missing dot convention cannot certify signed coupling,S0; S1; S2; S3; CH-02a; CH-09a
physics|14|lc-oscillations,physics|14,Electromagnetic Induction and Alternating Currents,LC oscillations,CH-09b,supplemental,listed,supplemental,J-PDF p.5 Physics U14; A-PDF p.15 Electricity and Magnetism; N-PDF p.6 Physics U14,required,topic audit pending,none,Ideal LC energy exchange; initial capacitor charge/current,Solve KVL and energy with ω0=1/sqrt(LC); resistance-free model cannot display dissipative decay,S0; S1; S2; S3; CH-02a; CH-09a
physics|14|alternating-current-basics,physics|14,Electromagnetic Induction and Alternating Currents,Alternating currents and peak and RMS values of alternating current and voltage,CH-09c,listed,application,listed,J-PDF p.5 Physics U14; A-PDF p.15 Electricity and Magnetism; N-PDF p.6 Physics U14,required,topic audit pending,candidate: packages/scene-engine/src/compile/acGeometry.ts; packages/scene-engine/scripts/verify/verify-ac-operators.ts,Sinusoidal current/voltage; RMS/peak and phase,Check RMS by independent cycle integral; peak/sqrt(2) only for sinusoidal waveform,S0; S1; S2; S3; CH-02a; CH-09a; CH-09b
physics|14|inductive-and-capacitive-reactance,physics|14,Electromagnetic Induction and Alternating Currents,Inductive and capacitive reactance,CH-09c,listed,application,listed,J-PDF p.5 Physics U14; A-PDF p.15 Electricity and Magnetism; N-PDF p.6 Physics U14,required,topic audit pending,candidate: packages/scene-engine/src/compile/acGeometry.ts; packages/scene-engine/scripts/verify/verify-ac-operators.ts,Pure L and C; changing frequency; DC limits,Check XL=ωL and XC=1/(ωC) with phase signs; zero-frequency capacitor cannot have a finite AC reactance,S0; S1; S2; S3; CH-02a; CH-09a; CH-09b
physics|14|reactance-impedance-and-lcr,physics|14,Electromagnetic Induction and Alternating Currents,Impedance and the LCR series circuit,CH-09c,listed,application,listed,J-PDF p.5 Physics U14; A-PDF p.15 Electricity and Magnetism; N-PDF p.6 Physics U14,required,topic audit pending,candidate: packages/scene-engine/src/compile/acGeometry.ts; packages/scene-engine/scripts/verify/verify-ac-operators.ts,Explicit series RLC; phasor components and complex impedance,Check Z=R+i(ωL-1/(ωC)) and I=V/Z; disconnected or parallel circuit cannot inherit the series formula,S0; S1; S2; S3; CH-02a; CH-09a; CH-09b
physics|14|resonance-power-and-wattless-current,physics|14,Electromagnetic Induction and Alternating Currents,Resonance in an LCR circuit,CH-09c,listed,application,listed,J-PDF p.5 Physics U14; A-PDF p.15 Electricity and Magnetism; N-PDF p.6 Physics U14,required,topic audit pending,candidate: packages/scene-engine/src/compile/acGeometry.ts; packages/scene-engine/scripts/verify/verify-ac-operators.ts,Frequency scan and resonance with R>0; ideal R=0 singular limit,Verify ω0=1/sqrt(LC) and component voltages; ideal zero-impedance resonance cannot fabricate finite current,S0; S1; S2; S3; CH-02a; CH-09a; CH-09b
physics|14|power-in-ac-circuits-and-wattless-current,physics|14,Electromagnetic Induction and Alternating Currents,"Power in AC circuits, power factor, and wattless current",CH-09c,listed,application,listed,J-PDF p.5 Physics U14; A-PDF p.15 Electricity and Magnetism; N-PDF p.6 Physics U14,required,topic audit pending,candidate: packages/scene-engine/src/compile/acGeometry.ts; packages/scene-engine/scripts/verify/verify-ac-operators.ts,Resistive/reactive mixtures; lagging/leading and wattless limit,Check P=VrmsIrms cosφ and real complex power; reactive magnitude is not average dissipated power,S0; S1; S2; S3; CH-02a; CH-09a; CH-09b
physics|14|ac-generator-and-transformer,physics|14,Electromagnetic Induction and Alternating Currents,AC generator,CH-09c,listed,supplemental,listed,J-PDF p.5 Physics U14; A-PDF p.15 Electricity and Magnetism; N-PDF p.6 Physics U14,required,topic audit pending,candidate: packages/scene-engine/src/compile/acGeometry.ts; packages/scene-engine/scripts/verify/verify-ac-operators.ts,Rotating source-defined coil; slip rings and emf-time phase,Verify flux derivative and terminal identity; Advanced induction permits an application but does not enumerate a generator apparatus,S0; S1; S2; S3; CH-02a; CH-09a; CH-09b
physics|14|transformer,physics|14,Electromagnetic Induction and Alternating Currents,Transformer,CH-09c,listed,supplemental,listed,J-PDF p.5 Physics U14; A-PDF p.15 Electricity and Magnetism; N-PDF p.6 Physics U14,required,topic audit pending,candidate: packages/scene-engine/src/compile/acGeometry.ts; packages/scene-engine/scripts/verify/verify-ac-operators.ts,"Ideal transformer turns, winding polarity and load; source-stated losses",Check voltage/current ratios and ideal power balance; DC steady state cannot use AC transformer induction,S0; S1; S2; S3; CH-02a; CH-09a; CH-09b
physics|16|reflection-and-spherical-mirrors,physics|16,Optics,"Reflection of light, spherical mirrors, and the mirror formula",CH-10a,listed,application,listed,J-PDF p.5 Physics U16; A-PDF p.15–16 Optics; N-PDF p.6–7 Physics U16,required,topic audit pending,none,Plane and concave/convex spherical mirrors; real/virtual object/image,"Independently check reflection contacts, signed mirror law and magnification; focal object singularity cannot yield finite image",S0; S3
physics|16|refraction-at-surfaces,physics|16,Optics,Refraction of light at a plane surface and apparent depth,CH-10a,application,application,application,J-PDF p.5 Physics U16; A-PDF p.15–16 Optics; N-PDF p.6–7 Physics U16,required,topic audit pending,none,Oblique plane refraction; normal viewing apparent depth and slab lateral shift,Check Snell law and ordered media; dapp=dreal/n only under its stated viewing approximation,S0; S3
physics|16|refraction-at-spherical-surface,physics|16,Optics,Refraction at a spherical surface,CH-10a,listed,listed,listed,J-PDF p.5 Physics U16; A-PDF p.15–16 Optics; N-PDF p.6–7 Physics U16,required,topic audit pending,none,Convex/concave spherical refracting surface; real/virtual image,Check signed n2/v-n1/u=(n2-n1)/R; wrong medium or sign at contact rejects,S0; S3
physics|16|lens-formulas,physics|16,Optics,Thin lens formula,CH-10b,listed,application,listed,J-PDF p.5 Physics U16; A-PDF p.15–16 Optics; N-PDF p.6–7 Physics U16,required,topic audit pending,candidate: packages/scene-engine/src/compile/geometricOpticsGeometry.ts; packages/scene-engine/scripts/verify/verify-geometric-optics-operators.ts,Converging/diverging thin lens; real/virtual image and focal singularity,Verify signed thin-lens law and ray contact consistency; Gaussian anchors alone cannot certify full rays,S0; S1; S3; CH-10a
physics|16|lens-makers-formula,physics|16,Optics,Lens maker's formula,CH-10b,listed,application,listed,J-PDF p.5 Physics U16; A-PDF p.15–16 Optics; N-PDF p.6–7 Physics U16,required,topic audit pending,candidate: packages/scene-engine/src/compile/geometricOpticsGeometry.ts; packages/scene-engine/scripts/verify/verify-geometric-optics-operators.ts,Biconvex/biconcave/meniscus lens in specified surrounding medium,Check 1/f=(nrel-1)(1/R1-1/R2) under thin-lens assumption; thick lens cannot inherit that equation,S0; S1; S3; CH-10a
physics|16|total-internal-reflection,physics|16,Optics,Total internal reflection and its applications,CH-10a,listed,listed,listed,J-PDF p.5 Physics U16; A-PDF p.15–16 Optics; N-PDF p.6–7 Physics U16,required,topic audit pending,none,"Below, at and above critical angle; dense-to-rare and reversed medium",Verify sinθc=n2/n1 and existence condition n1>n2; rare-to-dense TIR rejects,S0; S3
physics|16|optical-fibre,physics|16,Optics,Optical fibre as an application of total internal reflection,CH-10a,application,application,application,J-PDF p.5 Physics U16; A-PDF p.15–16 Optics; N-PDF p.6–7 Physics U16,required,topic audit pending,none,"Fibre core/cladding, acceptance cone and successive internal contacts",Check each Snell/TIR contact and stated numerical aperture; missing cladding index cannot certify acceptance angle,S0; S3
physics|16|magnification-and-lens-power,physics|16,Optics,Magnification and power of a lens,CH-10b,listed,application,listed,J-PDF p.5 Physics U16; A-PDF p.15–16 Optics; N-PDF p.6–7 Physics U16,required,topic audit pending,candidate: packages/scene-engine/src/compile/geometricOpticsGeometry.ts; packages/scene-engine/scripts/verify/verify-geometric-optics-operators.ts,Lens/mirror magnification and dioptric power; sign and centimetre conversion,Recompute height ratio and P=1/fmetres; power is not magnification and projection is not physical height,S0; S1; S3; CH-10a
physics|16|lens-combination,physics|16,Optics,Combination of thin lenses in contact,CH-10b,listed,listed,listed,J-PDF p.5 Physics U16; A-PDF p.15–16 Optics; N-PDF p.6–7 Physics U16,required,topic audit pending,candidate: packages/scene-engine/src/compile/geometricOpticsGeometry.ts; packages/scene-engine/scripts/verify/verify-geometric-optics-operators.ts,Two lenses in contact; positive/negative powers,Check summed powers and final signed image; separated lenses require propagation between contacts,S0; S1; S3; CH-10a
physics|16|lens-and-mirror-combination,physics|16,Optics,Combination of a thin lens and a spherical mirror,CH-10b,application,listed,application,J-PDF p.5 Physics U16; A-PDF p.15–16 Optics; N-PDF p.6–7 Physics U16,required,topic audit pending,candidate: packages/scene-engine/src/compile/geometricOpticsGeometry.ts; packages/scene-engine/scripts/verify/verify-geometric-optics-operators.ts,Lens then mirror double pass; plane/spherical mirror variants,Independently solve ordered images and reflected return path; a one-pass Gaussian anchor cannot certify this system,S0; S1; S3; CH-10a
physics|16|prism-refraction,physics|16,Optics,Refraction of light through a prism,CH-10a,listed,listed,listed,J-PDF p.5 Physics U16; A-PDF p.15–16 Optics; N-PDF p.6–7 Physics U16,required,topic audit pending,none,Triangular prism; entering/exiting faces and possible TIR,"Check r1+r2=A, deviation=i+e-A and Snell at each face; wrong face order rejects",S0; S3
physics|16|prism-minimum-deviation-and-dispersion,physics|16,Optics,Minimum deviation and dispersion by a prism,CH-10a,application,application,application,J-PDF p.5 Physics U16; A-PDF p.15–16 Optics; N-PDF p.6–7 Physics U16,required,topic audit pending,none,Symmetric minimum-deviation path and supplied wavelength-dependent index,Verify n=sin((A+δmin)/2)/sin(A/2) and dispersive order; material colours/index values cannot be guessed,S0; S3
physics|16|optical-instruments,physics|16,Optics,Compound microscope and its magnifying power,CH-10b,listed,supplemental,listed,J-PDF p.5 Physics U16; A-PDF p.15–16 Optics; N-PDF p.6–7 Physics U16,required,topic audit pending,candidate: packages/scene-engine/src/compile/geometricOpticsGeometry.ts; packages/scene-engine/scripts/verify/verify-geometric-optics-operators.ts,Two-lens compound microscope; normal adjustment and near-point image,Check objective/eyepiece intermediate image and magnifying power assumptions; Advanced does not enumerate the instrument,S0; S1; S3; CH-10a
physics|16|astronomical-telescope,physics|16,Optics,"Astronomical telescope, reflecting and refracting, and its magnifying power",CH-10b,listed,supplemental,listed,J-PDF p.5 Physics U16; A-PDF p.15–16 Optics; N-PDF p.6–7 Physics U16,required,topic audit pending,candidate: packages/scene-engine/src/compile/geometricOpticsGeometry.ts; packages/scene-engine/scripts/verify/verify-geometric-optics-operators.ts,Refracting and reflecting telescopes; normal adjustment and source aperture,"Check optical order, final virtual/infinite image and signed angular magnification; telescope drawing does not certify resolving power",S0; S1; S3; CH-10a
physics|16|wavefront-and-huygens-principle,physics|16,Optics,Wavefront and Huygens' principle,CH-10c,listed,application,listed,J-PDF p.5 Physics U16; A-PDF p.15–16 Optics; N-PDF p.6–7 Physics U16,required,topic audit pending,none,Plane/spherical wavefronts and secondary wavelets,Check equal-phase locus and forward envelope in the specified medium; wavelets are not arbitrary decorative circles,S0; S2; S3; CH-10a; CH-27b
physics|16|reflection-and-refraction-via-huygens,physics|16,Optics,Laws of reflection and refraction using Huygens' principle,CH-10c,listed,application,listed,J-PDF p.5 Physics U16; A-PDF p.15–16 Optics; N-PDF p.6–7 Physics U16,required,topic audit pending,none,Reflection and refraction wavefront construction at plane interface,Independently recover equal angles and sin-ratio law from wave speeds; wrong medium speed gives a false envelope,S0; S2; S3; CH-10a; CH-27b
physics|16|coherent-sources-and-sustained-interference,physics|16,Optics,Coherent sources and sustained interference of light,CH-10c,listed,application,listed,J-PDF p.5 Physics U16; A-PDF p.15–16 Optics; N-PDF p.6–7 Physics U16,required,topic audit pending,none,Equal/unequal amplitudes; fixed phase versus incoherence,Check interference intensity and coherence assumption; phase-random sources cannot certify stable fringes,S0; S2; S3; CH-10a; CH-27b
physics|16|youngs-double-slit-and-fringe-width,physics|16,Optics,Young's double-slit experiment and the expression for fringe width,CH-10c,listed,application,listed,J-PDF p.5 Physics U16; A-PDF p.15–16 Optics; N-PDF p.6–7 Physics U16,required,topic audit pending,none,Symmetric YDSE; bright/dark positions and unequal slit intensity,Verify path difference and β=λD/d under far-field assumption; exact versus small-angle formulas must remain distinct,S0; S2; S3; CH-10a; CH-27b
physics|16|ydse-path-difference-and-glass-slab,physics|16,Optics,YDSE with a path difference or a thin glass slab,CH-10c,application,application,application,J-PDF p.5 Physics U16; A-PDF p.15–16 Optics; N-PDF p.6–7 Physics U16,required,topic audit pending,none,"One-slit glass slab, extra path, shifted central fringe and fringe order reversal",Check Δopt=(n-1)t with supplied incidence assumptions and shifted maxima; slab in both arms equally cannot shift the centre,S0; S2; S3; CH-10a; CH-27b
physics|16|angular-width-of-interference-fringes,physics|16,Optics,Angular width of interference fringes,CH-10c,application,application,application,J-PDF p.5 Physics U16; A-PDF p.15–16 Optics; N-PDF p.6–7 Physics U16,required,topic audit pending,none,Angular fringe spacing; off-axis fringe and changing screen distance,Check angular spacing≈λ/d and exact sinθ path relation; linear fringe width must not be labelled angular width,S0; S2; S3; CH-10a; CH-27b
physics|16|thin-film-interference,physics|16,Optics,Interference in thin films,CH-10c,supplemental,supplemental,supplemental,J-PDF p.5 Physics U16; A-PDF p.15–16 Optics; N-PDF p.6–7 Physics U16,required,topic audit pending,none,Thin film reflected/transmitted rays; normal/oblique incidence; phase reversal,Check 2ntcosr plus boundary phase changes under a declared film model; Advanced interference is explicitly limited to YDSE,S0; S2; S3; CH-10a; CH-27b
physics|16|single-slit-diffraction,physics|16,Optics,Diffraction due to a single slit and width of the central maximum,CH-10c,listed,application,listed,J-PDF p.5 Physics U16; A-PDF p.15–16 Optics; N-PDF p.6–7 Physics U16,required,topic audit pending,none,"Single slit minima, central width and near/far-field model",Check a sinθ=mλ and far-field width≈2λD/a; wrong slit count or unsupported near-field pattern rejects,S0; S2; S3; CH-10a; CH-27b
physics|16|resolving-power-of-microscope-and-telescope,physics|16,Optics,Resolving power of the microscope and telescope,CH-10c,supplemental,supplemental,supplemental,J-PDF p.5 Physics U16; A-PDF p.15–16 Optics; N-PDF p.6–7 Physics U16,required,topic audit pending,none,Circular telescope aperture and microscope numerical aperture,"Independently check stated Rayleigh criterion, λ and aperture/NA definitions; current official optics lists do not enumerate resolving power",S0; S2; S3; CH-10a; CH-27b
physics|16|polarization-and-brewsters-law,physics|16,Optics,"Polarization, plane-polarized light, and Brewster's law",CH-10c,listed,listed,listed,J-PDF p.5 Physics U16; A-PDF p.15–16 Optics; N-PDF p.6–7 Physics U16,required,topic audit pending,none,Polarization axes; Brewster incidence and reflected/transmitted rays,Check tanθB=n2/n1 and perpendicular rays at Brewster angle; longitudinal-light depiction rejects,S0; S2; S3; CH-10a; CH-27b
physics|16|malus-law,physics|16,Optics,Malus's law,CH-10c,application,application,application,J-PDF p.5 Physics U16; A-PDF p.15–16 Optics; N-PDF p.6–7 Physics U16,required,topic audit pending,none,Parallel/crossed analysers; intermediate analyser and unpolarized input,Verify Malus I=I0cos²θ after polarization and first ideal polarizer half-intensity; do not apply both factors twice,S0; S2; S3; CH-10a; CH-27b
physics|16|polaroid,physics|16,Optics,Polaroid,CH-10c,listed,listed,listed,J-PDF p.5 Physics U16; A-PDF p.15–16 Optics; N-PDF p.6–7 Physics U16,required,topic audit pending,none,Polarizer/analyser axes and transmitted field,Check allowed field projection and crossed extinction for ideal devices; source-free transmission constants cannot be invented,S0; S2; S3; CH-10a; CH-27b
physics|16|uses-of-plane-polarized-light,physics|16,Optics,Uses of plane-polarized light,CH-10c,listed,application,listed,J-PDF p.5 Physics U16; A-PDF p.15–16 Optics; N-PDF p.6–7 Physics U16,conditional,topic audit pending,none,Glare suppression and source-specified polarization use,Check orientation/use relationship independently; factual recall can remain text-only with a stated reason,S0; S2; S3; CH-10a; CH-27b
physics|7|elasticity-and-moduli,physics|7,Properties of Solids and Liquids,"Elastic behaviour, stress-strain relationship, and Hooke's law",CH-19a,listed,listed,listed,J-PDF p.3–4 Physics U7; A-PDF p.14 Mechanics / Thermal Physics; N-PDF p.5 Physics U7,required,topic audit pending,candidate: packages/scene-engine/src/compile/elasticityGeometry.ts; packages/scene-engine/scripts/verify/verify-elasticity-operators.ts,Tension/compression; linear regime and source-supplied measured stress-strain curve,"Check stress=F/A, strain=ΔL/L and linear slope; yield/plastic curves require observed material data",S0; S2; S3; S5
physics|7|youngs-modulus,physics|7,Properties of Solids and Liquids,Young's modulus,CH-19a,listed,listed,listed,J-PDF p.3–4 Physics U7; A-PDF p.14 Mechanics / Thermal Physics; N-PDF p.5 Physics U7,required,topic audit pending,candidate: packages/scene-engine/src/compile/elasticityGeometry.ts; packages/scene-engine/scripts/verify/verify-elasticity-operators.ts,Uniform wire lengths/areas and tensile loads,Verify Y=FL/(AΔL); reject missing geometry or deformation outside declared linear model,S0; S2; S3; S5
physics|7|bulk-modulus-and-modulus-of-rigidity,physics|7,Properties of Solids and Liquids,Bulk modulus and modulus of rigidity,CH-19a,listed,listed,listed,J-PDF p.3–4 Physics U7; A-PDF p.14 Mechanics / Thermal Physics; N-PDF p.5 Physics U7,required,topic audit pending,candidate: packages/scene-engine/src/compile/elasticityGeometry.ts; packages/scene-engine/scripts/verify/verify-elasticity-operators.ts,Hydrostatic compression and tangential shear,Check bulk and shear definitions with sign/convention; a uniaxial Young modulus cannot certify either independently,S0; S2; S3; S5
physics|7|poissons-ratio,physics|7,Properties of Solids and Liquids,Poisson's ratio,CH-19a,supplemental,supplemental,supplemental,J-PDF p.3–4 Physics U7; A-PDF p.14 Mechanics / Thermal Physics; N-PDF p.5 Physics U7,required,topic audit pending,candidate: packages/scene-engine/src/compile/elasticityGeometry.ts; packages/scene-engine/scripts/verify/verify-elasticity-operators.ts,Axial and lateral strain; positive and auxetic supplied materials,Verify ν=-εtrans/εaxial and declared isotropic model; measured ratio cannot be invented,S0; S2; S3; S5
physics|7|elastic-potential-energy,physics|7,Properties of Solids and Liquids,Elastic potential energy stored in a stretched wire or spring-like solid,CH-19a,application,application,application,J-PDF p.3–4 Physics U7; A-PDF p.14 Mechanics / Thermal Physics; N-PDF p.5 Physics U7,required,topic audit pending,candidate: packages/scene-engine/src/compile/elasticityGeometry.ts; packages/scene-engine/scripts/verify/verify-elasticity-operators.ts,Uniform stretched wire and unloading in elastic regime,Independently integrate stress-strain energy density and check U=FΔL/2; plastic unloading is outside linear authority,S0; S2; S3; S5
physics|7|fluid-pressure-and-pascals-law,physics|7,Properties of Solids and Liquids,Pressure due to a fluid column,CH-19b,listed,listed,listed,J-PDF p.3–4 Physics U7; A-PDF p.14 Mechanics / Thermal Physics; N-PDF p.5 Physics U7,required,topic audit pending,candidate: packages/scene-engine/src/compile/fluidGeometry.ts; packages/scene-engine/scripts/verify/verify-fluid-operators.ts,Open/closed fluid column; multiple depths and density layers,Check p=p0+∫ρg dh and pressure continuity; no negative absolute pressure without a declared model,S0; S1; S2; S3; CH-03a
physics|7|pascals-law-and-hydraulics,physics|7,Properties of Solids and Liquids,Pascal's law and hydraulic applications,CH-19b,listed,listed,listed,J-PDF p.3–4 Physics U7; A-PDF p.14 Mechanics / Thermal Physics; N-PDF p.5 Physics U7,required,topic audit pending,candidate: packages/scene-engine/src/compile/fluidGeometry.ts; packages/scene-engine/scripts/verify/verify-fluid-operators.ts,Two hydraulic pistons and different areas,Check pressure equality and force/displacement work balance; connected fluid volume must remain accounted for,S0; S1; S2; S3; CH-03a
physics|7|gravity-effect-on-fluid-pressure,physics|7,Properties of Solids and Liquids,Effect of gravity on fluid pressure,CH-19b,listed,application,listed,J-PDF p.3–4 Physics U7; A-PDF p.14 Mechanics / Thermal Physics; N-PDF p.5 Physics U7,required,topic audit pending,candidate: packages/scene-engine/src/compile/fluidGeometry.ts; packages/scene-engine/scripts/verify/verify-fluid-operators.ts,Vertical versus tilted vessel; changing g,"Recompute pressure from vertical depth, not path length; zero-g and reversed axis conventions must be explicit",S0; S1; S2; S3; CH-03a
physics|7|buoyancy-and-archimedes-principle,physics|7,Properties of Solids and Liquids,Buoyancy and Archimedes' principle,CH-19b,application,listed,application,J-PDF p.3–4 Physics U7; A-PDF p.14 Mechanics / Thermal Physics; N-PDF p.5 Physics U7,required,topic audit pending,candidate: packages/scene-engine/src/compile/fluidGeometry.ts; packages/scene-engine/scripts/verify/verify-fluid-operators.ts,"Floating, fully submerged and layered displacement",Check buoyancy=displaced-fluid weight and body equilibrium; submerged volume cannot exceed body volume,S0; S1; S2; S3; CH-03a
physics|7|viscosity-and-stokes-law,physics|7,Properties of Solids and Liquids,Viscosity,CH-19b,listed,listed,listed,J-PDF p.3–4 Physics U7; A-PDF p.14 Mechanics / Thermal Physics; N-PDF p.5 Physics U7,conditional,topic audit pending,candidate: packages/scene-engine/src/compile/fluidGeometry.ts; packages/scene-engine/scripts/verify/verify-fluid-operators.ts,Newtonian shear profile; velocity gradient and area,Verify τ=ηdv/dy and viscosity units; non-Newtonian curves need an explicit supplemental constitutive law,S0; S1; S2; S3; CH-03a
physics|7|stokes-law-and-terminal-velocity,physics|7,Properties of Solids and Liquids,Stokes' law and terminal velocity,CH-19b,listed,listed,listed,J-PDF p.3–4 Physics U7; A-PDF p.14 Mechanics / Thermal Physics; N-PDF p.5 Physics U7,required,topic audit pending,candidate: packages/scene-engine/src/compile/fluidGeometry.ts; packages/scene-engine/scripts/verify/verify-fluid-operators.ts,Falling sphere; initial acceleration and terminal state,Check mg-buoyancy-6πηrv=0 at terminal speed and Stokes assumptions; outside creeping flow cannot certify the law,S0; S1; S2; S3; CH-03a
physics|7|streamline-turbulent-and-bernoulli,physics|7,Properties of Solids and Liquids,"Streamline flow, turbulent flow, and Bernoulli's principle with applications",CH-19b,listed,review,listed,J-PDF p.3–4 Physics U7; A-PDF p.14 Mechanics / Thermal Physics; N-PDF p.5 Physics U7,required,topic audit pending,candidate: packages/scene-engine/src/compile/fluidGeometry.ts; packages/scene-engine/scripts/verify/verify-fluid-operators.ts,Horizontal/vertical pipe; venturi and tank outflow; streamlined versus turbulent depiction,Check Bernoulli along an admissible streamline and continuity; lossless law cannot certify a dissipative turbulent path,S0; S1; S2; S3; CH-03a
physics|7|equation-of-continuity,physics|7,Properties of Solids and Liquids,Equation of continuity,CH-19b,application,listed,application,J-PDF p.3–4 Physics U7; A-PDF p.14 Mechanics / Thermal Physics; N-PDF p.5 Physics U7,required,topic audit pending,candidate: packages/scene-engine/src/compile/fluidGeometry.ts; packages/scene-engine/scripts/verify/verify-fluid-operators.ts,Changing pipe area; branched incompressible flow,Verify ΣQin=ΣQout with Q=Av; compressible flow needs density-weighted mass balance,S0; S1; S2; S3; CH-03a
physics|7|critical-velocity,physics|7,Properties of Solids and Liquids,Critical velocity,CH-19b,listed,supplemental,listed,J-PDF p.3–4 Physics U7; A-PDF p.14 Mechanics / Thermal Physics; N-PDF p.5 Physics U7,conditional,topic audit pending,candidate: packages/scene-engine/src/compile/fluidGeometry.ts; packages/scene-engine/scripts/verify/verify-fluid-operators.ts,Pipe transition with supplied material/diameter and critical criterion,Check vcritical dimensions and given threshold; Advanced streamline scope is not a named turbulence requirement,S0; S1; S2; S3; CH-03a
physics|7|reynolds-number,physics|7,Properties of Solids and Liquids,Reynolds number,CH-19b,application,supplemental,application,J-PDF p.3–4 Physics U7; A-PDF p.14 Mechanics / Thermal Physics; N-PDF p.5 Physics U7,conditional,topic audit pending,candidate: packages/scene-engine/src/compile/fluidGeometry.ts; packages/scene-engine/scripts/verify/verify-fluid-operators.ts,Laminar/transitional examples with supplied geometry,Compute Re=ρvD/η independently; reject a universal numerical cutoff without a declared geometry criterion,S0; S1; S2; S3; CH-03a
physics|7|surface-tension-basics,physics|7,Properties of Solids and Liquids,"Surface energy, surface tension, and angle of contact",CH-19c,listed,listed,listed,J-PDF p.3–4 Physics U7; A-PDF p.14 Mechanics / Thermal Physics; N-PDF p.5 Physics U7,required,topic audit pending,none,Wetting/non-wetting contact; interfaces and surface-energy change,Verify contact-angle convention and ΔE=γΔA; count each liquid-film surface,S0; S3; CH-19b
physics|7|excess-pressure-across-curved-surface,physics|7,Properties of Solids and Liquids,Excess pressure across a curved surface,CH-19c,listed,application,listed,J-PDF p.3–4 Physics U7; A-PDF p.14 Mechanics / Thermal Physics; N-PDF p.5 Physics U7,required,topic audit pending,none,One and two principal curvature radii; planar limit,Check Young-Laplace Δp=γ(1/R1+1/R2); missing interface count cannot yield exact pressure,S0; S3; CH-19b
physics|7|drops-and-bubbles,physics|7,Properties of Solids and Liquids,Excess pressure in drops and bubbles,CH-19c,listed,listed,listed,J-PDF p.3–4 Physics U7; A-PDF p.14 Mechanics / Thermal Physics; N-PDF p.5 Physics U7,required,topic audit pending,none,"Liquid drop, air bubble in liquid and soap bubble",Check 2γ/r versus 4γ/r with correct surface count; reversed pressure direction rejects,S0; S3; CH-19b
physics|7|surface-tension-applications,physics|7,Properties of Solids and Liquids,Capillary rise,CH-19c,listed,listed,listed,J-PDF p.3–4 Physics U7; A-PDF p.14 Mechanics / Thermal Physics; N-PDF p.5 Physics U7,required,topic audit pending,none,Capillary rise/depression; radius and contact angle variants,Check h=2γcosθ/(ρgr) and meniscus orientation; negative cosθ means depression,S0; S3; CH-19b
physics|7|heat-temperature-and-thermal-expansion,physics|7,Properties of Solids and Liquids,"Heat, temperature, and linear thermal expansion",CH-19d,listed,listed,listed,J-PDF p.3–4 Physics U7; A-PDF p.14 Mechanics / Thermal Physics; N-PDF p.5 Physics U7,required,topic audit pending,none,"Rod expansion, temperature change and constrained expansion",Check ΔL=αLΔT under small-strain model; Celsius difference is not absolute thermodynamic temperature,S0; S2; S5
physics|7|area-and-volume-expansion,physics|7,Properties of Solids and Liquids,Area and volume thermal expansion,CH-19d,listed,application,listed,J-PDF p.3–4 Physics U7; A-PDF p.14 Mechanics / Thermal Physics; N-PDF p.5 Physics U7,required,topic audit pending,none,Plate area; vessel/liquid volume; apparent expansion,Verify β≈2α and γ≈3α only for isotropic small expansion; account for expanding container,S0; S2; S5
physics|7|specific-heat-and-calorimetry,physics|7,Properties of Solids and Liquids,Specific heat capacity and calorimetry,CH-19d,listed,listed,listed,J-PDF p.3–4 Physics U7; A-PDF p.14 Mechanics / Thermal Physics; N-PDF p.5 Physics U7,required,topic audit pending,none,Hot/cold solid-liquid mixtures; calorimeter correction,Check independent heat balance and final-temperature bounds; unknown heat capacity cannot be fabricated,S0; S2; S5
physics|7|change-of-state-and-latent-heat,physics|7,Properties of Solids and Liquids,Change of state and latent heat,CH-19d,listed,listed,listed,J-PDF p.3–4 Physics U7; A-PDF p.14 Mechanics / Thermal Physics; N-PDF p.5 Physics U7,required,topic audit pending,none,Melting/boiling plateaus; mixed phase at final equilibrium,Check Q=mcΔT plus mL and phase amounts; heat added during plateau cannot raise temperature in that ideal model,S0; S2; S5
physics|7|heat-transfer,physics|7,Properties of Solids and Liquids,Heat transfer by conduction,CH-19d,listed,listed,listed,J-PDF p.3–4 Physics U7; A-PDF p.14 Mechanics / Thermal Physics; N-PDF p.5 Physics U7,required,topic audit pending,none,Single and layered slabs; steady one-dimensional heat conduction,Check equal steady heat flow and thermal resistances; Advanced scope remains one-dimensional,S0; S2; S5
physics|7|convection-and-radiation,physics|7,Properties of Solids and Liquids,Heat transfer by convection and radiation,CH-19d,listed,listed,listed,J-PDF p.3–4 Physics U7; A-PDF p.14 Mechanics / Thermal Physics; N-PDF p.5 Physics U7,conditional,topic audit pending,none,Convection circulation and radiation between supplied bodies,Check qualitative heat direction and source-provided radiation model; schematic convection arrows are not measured velocities,S0; S2; S5
physics|7|stefans-law,physics|7,Properties of Solids and Liquids,Stefan's law,CH-19d,supplemental,listed,supplemental,J-PDF p.3–4 Physics U7; A-PDF p.14 Mechanics / Thermal Physics; N-PDF p.5 Physics U7,required,topic audit pending,none,Blackbody and greybody emission; net exchange with surroundings,"Verify εσA(T⁴-Ts⁴), kelvin units and ε bounds; Main/NEET radiation heading does not explicitly name Stefan's law",S0; S2; S5
physics|7|newtons-law-of-cooling,physics|7,Properties of Solids and Liquids,Newton's law of cooling,CH-19d,supplemental,listed,supplemental,J-PDF p.3–4 Physics U7; A-PDF p.14 Mechanics / Thermal Physics; N-PDF p.5 Physics U7,required,topic audit pending,none,Cooling curve under small temperature excess; ambient asymptote,Check dT/dt=-k(T-Ta) and model validity; supplied heating or drifting ambient cannot use constant-ambient cooling silently,S0; S2; S5
physics|8|thermal-equilibrium-temperature-and-zeroth-law,physics|8,Thermodynamics,"Thermal equilibrium, concept of temperature, and zeroth law of thermodynamics",CH-20a,listed,application,listed,J-PDF p.4 Physics U8; A-PDF p.14 Thermal Physics; N-PDF p.5 Physics U8,conditional,topic audit pending,none,Two systems and thermometer; transitive thermal equilibrium,Check equal temperatures and equilibrium assumptions; pure zeroth-law recall may remain text-only,S0; S1
physics|8|heat-work-and-internal-energy,physics|8,Thermodynamics,"Heat, work, and internal energy",CH-20a,listed,listed,listed,J-PDF p.4 Physics U8; A-PDF p.14 Thermal Physics; N-PDF p.5 Physics U8,required,topic audit pending,none,Piston boundary; heat in/out and compression/expansion sign,Verify ΔU=Q-Wby with declared convention; heat and work are path transfers rather than state labels,S0; S1
physics|8|first-law-of-thermodynamics,physics|8,Thermodynamics,First law of thermodynamics,CH-20a,listed,listed,listed,J-PDF p.4 Physics U8; A-PDF p.14 Thermal Physics; N-PDF p.5 Physics U8,required,topic audit pending,none,"Heating, compression and adiabatic energy transfer for an ideal gas",Independently close Q-Wby-ΔU=0; Advanced numeric applications stay ideal-gas-only,S0; S1
physics|8|isothermal-and-adiabatic-processes,physics|8,Thermodynamics,Isothermal processes,CH-20b,listed,listed,listed,J-PDF p.4 Physics U8; A-PDF p.14 Thermal Physics; N-PDF p.5 Physics U8,required,topic audit pending,candidate: packages/scene-engine/src/compile/thermodynamicsGeometry.ts; packages/scene-engine/scripts/verify/verify-thermodynamics-operators.ts,Ideal-gas expansion/compression at fixed temperature,"Check PV constant, ΔU=0 and W=nRT ln(V2/V1); missing gas amount/temperature cannot certify heat",S0; S2; CH-20a
physics|8|adiabatic-processes,physics|8,Thermodynamics,Adiabatic processes,CH-20b,listed,listed,listed,J-PDF p.4 Physics U8; A-PDF p.14 Thermal Physics; N-PDF p.5 Physics U8,required,topic audit pending,candidate: packages/scene-engine/src/compile/thermodynamicsGeometry.ts; packages/scene-engine/scripts/verify/verify-thermodynamics-operators.ts,Reversible ideal-gas adiabatic expansion/compression,Check PV^γ constant and Q=0; an irreversible adiabatic path cannot inherit the reversible curve,S0; S2; CH-20a
physics|8|isobaric-and-isochoric-processes,physics|8,Thermodynamics,Isobaric and isochoric processes,CH-20b,application,application,application,J-PDF p.4 Physics U8; A-PDF p.14 Thermal Physics; N-PDF p.5 Physics U8,required,topic audit pending,candidate: packages/scene-engine/src/compile/thermodynamicsGeometry.ts; packages/scene-engine/scripts/verify/verify-thermodynamics-operators.ts,Constant-pressure and constant-volume heat transfers,Verify W=PΔV or zero and ΔU from given heat capacity; distinguish isobaric from isothermal,S0; S2; CH-20a
physics|8|work-on-pv-diagrams,physics|8,Thermodynamics,Work done in processes on a P-V diagram,CH-20b,application,application,application,J-PDF p.4 Physics U8; A-PDF p.14 Thermal Physics; N-PDF p.5 Physics U8,required,topic audit pending,candidate: packages/scene-engine/src/compile/thermodynamicsGeometry.ts; packages/scene-engine/scripts/verify/verify-thermodynamics-operators.ts,Open paths and clockwise/anticlockwise closed cycles,Independently integrate ∫P dV and cycle sign; a plotted area cannot invent a missing physical pressure scale,S0; S2; CH-20a
physics|8|cp-cv-and-mayers-relation,physics|8,Thermodynamics,"Cp, Cv, and Mayer's relation",CH-20a,application,listed,application,J-PDF p.4 Physics U8; A-PDF p.14 Thermal Physics; N-PDF p.5 Physics U8,conditional,topic audit pending,none,Monoatomic/diatomic ideal gas; molar versus total heat capacities,Check Cp-Cv=R only for molar ideal-gas values; reject unit/model mismatch,S0; S1
physics|8|second-law-and-process-reversibility,physics|8,Thermodynamics,Second law of thermodynamics,CH-20c,listed,listed,listed,J-PDF p.4 Physics U8; A-PDF p.14 Thermal Physics; N-PDF p.5 Physics U8,required,topic audit pending,none,Hot/cold reservoirs; proposed cyclic heat transfers,Check first-law closure and second-law admissibility; one-reservoir complete heat-to-work cycle rejects,S0; S1; S2; CH-20a; CH-20b
physics|8|reversible-and-irreversible-processes,physics|8,Thermodynamics,Reversible and irreversible processes,CH-20b,listed,listed,listed,J-PDF p.4 Physics U8; A-PDF p.14 Thermal Physics; N-PDF p.5 Physics U8,required,topic audit pending,candidate: packages/scene-engine/src/compile/thermodynamicsGeometry.ts; packages/scene-engine/scripts/verify/verify-thermodynamics-operators.ts,Quasistatic reversible path versus irreversible expansion,Check defining equilibrium states and admissible endpoints; do not draw a unique reversible PV path for an unspecified irreversible process,S0; S2; CH-20a
physics|8|carnot-engine-and-efficiency,physics|8,Thermodynamics,Carnot engine and its efficiency,CH-20c,supplemental,listed,supplemental,J-PDF p.4 Physics U8; A-PDF p.14 Thermal Physics; N-PDF p.5 Physics U8,required,topic audit pending,none,Four Carnot legs; reservoir temperatures and efficiency,Verify η=1-Tc/Th and cycle energy closure; temperatures must be absolute and 0<Tc<Th,S0; S1; S2; CH-20a; CH-20b
physics|8|refrigerator-and-heat-pump,physics|8,Thermodynamics,Refrigerator and heat pump,CH-20c,supplemental,application,supplemental,J-PDF p.4 Physics U8; A-PDF p.14 Thermal Physics; N-PDF p.5 Physics U8,required,topic audit pending,none,Reversed-cycle refrigerator and heat pump; declared work input,Check COPR=Qc/W and COPHP=Qh/W=COPR+1 and Carnot bound; not a named Main/NEET standalone requirement,S0; S1; S2; CH-20a; CH-20b
physics|9|perfect-gas-equation-and-compression-work,physics|9,Kinetic Theory of Gases,Equation of state of a perfect gas,CH-21a,listed,listed,listed,J-PDF p.4 Physics U9; A-PDF p.14 Thermal Physics; N-PDF p.5 Physics U9,required,topic audit pending,none,"P,V,T,n state changes; particle number versus mole count",Verify PV=nRT=NkBT with kelvin and matching units; zero/negative absolute temperature rejects,S0; S2; S3; CH-20a; CH-20b
physics|9|work-in-compression-of-a-gas,physics|9,Kinetic Theory of Gases,Work done on compressing a gas,CH-21a,listed,application,listed,J-PDF p.4 Physics U9; A-PDF p.14 Thermal Physics; N-PDF p.5 Physics U9,required,topic audit pending,none,Quasistatic compression; isothermal versus supplied process law,Check negative work by gas and positive work on gas; source-free process path cannot determine work,S0; S2; S3; CH-20a; CH-20b
physics|9|kinetic-theory-assumptions-and-pressure,physics|9,Kinetic Theory of Gases,Assumptions of kinetic theory of gases and the concept of pressure,CH-21a,listed,application,listed,J-PDF p.4 Physics U9; A-PDF p.14 Thermal Physics; N-PDF p.5 Physics U9,required,topic audit pending,none,Elastic wall collision; random isotropic ensemble,Check momentum transfer and p=Nm<v²>/(3V); illustrative particles cannot certify a measured microstate,S0; S2; S3; CH-20a; CH-20b
physics|9|temperature-and-rms-speed,physics|9,Kinetic Theory of Gases,Kinetic interpretation of temperature and RMS speed of gas molecules,CH-21c,listed,application,listed,J-PDF p.4 Physics U9; A-PDF p.14 Thermal Physics; N-PDF p.5 Physics U9,required,topic audit pending,none,Temperature changes and molecular-mass comparison,Verify vrms=sqrt(3kBT/m); distinguish RMS from mean and most probable speed,S0; S2; CH-21a
physics|9|average-and-most-probable-speed,physics|9,Kinetic Theory of Gases,Average speed and most probable speed of gas molecules,CH-21c,supplemental,listed,supplemental,J-PDF p.4 Physics U9; A-PDF p.14 Thermal Physics; N-PDF p.5 Physics U9; A-PDF p.1 Chemistry States of Matter (speed comparisons; Maxwell plot not enumerated),required,topic audit pending,none,"Mean, RMS and most-probable speeds for Maxwell equilibrium gas","Independently check sqrt(8kBT/(πm)) and sqrt(2kBT/m) ordering; Advanced listing is Chemistry States of Matter, not Physics enumeration",S0; S2; CH-21a
physics|9|maxwell-speed-distribution,physics|9,Kinetic Theory of Gases,Maxwell speed distribution,CH-21c,supplemental,application,supplemental,J-PDF p.4 Physics U9; A-PDF p.14 Thermal Physics; N-PDF p.5 Physics U9; A-PDF p.1 Chemistry States of Matter (speed comparisons; Maxwell plot not enumerated),required,topic audit pending,none,Two-temperature Maxwell distributions on speed≥0,"Check normalized probability density and independent moments; Advanced Chemistry speed list is a teaching application, not an explicit Maxwell-plot heading",S0; S2; CH-21a
physics|9|degrees-of-freedom-and-equipartition,physics|9,Kinetic Theory of Gases,Degrees of freedom and the law of equipartition of energy,CH-21b,listed,application,listed,J-PDF p.4 Physics U9; A-PDF p.14 Thermal Physics; N-PDF p.5 Physics U9,required,topic audit pending,none,Monoatomic/diatomic accessible translational and rotational modes,Check f kBT/2 per molecule and stated frozen modes; classical equipartition cannot silently include quantum-suppressed vibration,S0; CH-20a
physics|9|specific-heat-capacities-of-gases,physics|9,Kinetic Theory of Gases,Specific heat capacities of gases,CH-21b,listed,listed,listed,J-PDF p.4 Physics U9; A-PDF p.14 Thermal Physics; N-PDF p.5 Physics U9,conditional,topic audit pending,none,"Cv,Cp,γ for monoatomic and diatomic ideal gases","Verify Cv=fR/2, Cp=Cv+R and γ; reject molar-versus-mass-specific unit confusion",S0; CH-20a
physics|9|mean-free-path-and-avogadros-number,physics|9,Kinetic Theory of Gases,Mean free path,CH-21c,listed,application,listed,J-PDF p.4 Physics U9; A-PDF p.14 Thermal Physics; N-PDF p.5 Physics U9,required,topic audit pending,none,"Molecular diameter, density and collision-path schematic",Check λ=1/(sqrt(2)πd²nN) under hard-sphere assumptions; schematic segments are not an exact collision history,S0; S2; CH-21a
physics|9|avogadros-number,physics|9,Kinetic Theory of Gases,Avogadro's number,CH-21a,listed,application,listed,J-PDF p.4 Physics U9; A-PDF p.14 Thermal Physics; N-PDF p.5 Physics U9,text_only,topic audit pending,none,Mole-to-particle conversion and supplied gas amount,Check N=nNA with the defined constant; scalar counting alone earns a documented text-only decision,S0; S2; S3; CH-20a; CH-20b
physics|9|mixture-of-ideal-gases,physics|9,Kinetic Theory of Gases,Mixture of ideal gases,CH-21a,application,application,application,J-PDF p.4 Physics U9; A-PDF p.14 Thermal Physics; N-PDF p.5 Physics U9,required,topic audit pending,none,"Two ideal species; common T,V and partial pressures",Independently sum niRT/V and energy with declared heat capacities; species cannot share a mass-dependent speed value,S0; S2; S3; CH-20a; CH-20b
physics|17|dual-nature-of-radiation,physics|17,Dual Nature of Matter and Radiation,Dual nature of radiation,CH-22b,listed,application,listed,J-PDF p.6 Physics U17; A-PDF p.16 Modern Physics; N-PDF p.7 Physics U17,conditional,topic audit pending,none,Interference evidence versus photoelectric particle evidence,Check which source observation supports which model; a generic wave sketch is not evidence for photoelectric emission,S0; S2; CH-22a
physics|17|photoelectric-effect-and-observations,physics|17,Dual Nature of Matter and Radiation,Photoelectric effect and the observations of Hertz and Lenard,CH-22a,listed,review,listed,J-PDF p.6 Physics U17; A-PDF p.16 Modern Physics; N-PDF p.7 Physics U17,required,topic audit pending,none,"Photoelectric source, emitter, collector and Hertz/Lenard observations","Check apparatus polarity and threshold observations; Advanced lists effect but not both named observation inventories, so mixed label is review",S0; S1; S2; S5
physics|17|photoelectric-graphs-and-stopping-potential,physics|17,Dual Nature of Matter and Radiation,"Photoelectric graphs, stopping potential, and the effects of intensity and frequency",CH-22a,application,application,application,J-PDF p.6 Physics U17; A-PDF p.16 Modern Physics; N-PDF p.7 Physics U17,required,topic audit pending,none,Photocurrent-voltage curves; varying intensity/frequency and stopping polarity,Verify saturation/threshold trends and eVstop=Kmax; voltage axes and collection direction cannot swap,S0; S1; S2; S5
physics|17|einsteins-photoelectric-equation,physics|17,Dual Nature of Matter and Radiation,Einstein's photoelectric equation and the particle nature of light,CH-22b,listed,application,listed,J-PDF p.6 Physics U17; A-PDF p.16 Modern Physics; N-PDF p.7 Physics U17,required,topic audit pending,none,"Threshold, subthreshold and above-threshold photons",Independently check Kmax=hf-φ with nonnegative emission condition; subthreshold intensity cannot create emitted electrons in this model,S0; S2; CH-22a
physics|17|photon-energy-and-momentum,physics|17,Dual Nature of Matter and Radiation,Energy and momentum of a photon,CH-22b,application,application,application,J-PDF p.6 Physics U17; A-PDF p.16 Modern Physics; N-PDF p.7 Physics U17,conditional,topic audit pending,none,Photon frequency/wavelength; absorption or reflection momentum,Verify E=hf=hc/λ and p=E/c; scalar-only conversion may be independently text-only,S0; S2; CH-22a
physics|17|matter-waves-and-de-broglie-relation,physics|17,Dual Nature of Matter and Radiation,"Matter waves, wave nature of particles, and the de Broglie relation",CH-22c,listed,listed,listed,J-PDF p.6 Physics U17; A-PDF p.16 Modern Physics; N-PDF p.7 Physics U17,required,topic audit pending,none,Matter wavelength for several masses and momenta,Check λ=h/p with stated nonrelativistic/relativistic model; p=0 cannot produce finite wavelength,S0; S2; S3; CH-22b
physics|17|de-broglie-wavelength-of-an-electron,physics|17,Dual Nature of Matter and Radiation,de Broglie wavelength of an electron,CH-22c,application,application,application,J-PDF p.6 Physics U17; A-PDF p.16 Modern Physics; N-PDF p.7 Physics U17,required,topic audit pending,none,Accelerating potential and supplied electron kinetic energy,Verify λ=h/sqrt(2meV) only in nonrelativistic regime; high voltage needs the explicitly stated relativistic relation,S0; S2; S3; CH-22b
physics|17|davisson-germer-experiment,physics|17,Dual Nature of Matter and Radiation,Davisson-Germer experiment,CH-22c,supplemental,supplemental,supplemental,J-PDF p.6 Physics U17; A-PDF p.16 Modern Physics; N-PDF p.7 Physics U17,required,topic audit pending,none,"Electron diffraction target, detector angle and supplied lattice spacing",Check de Broglie wavelength and declared diffraction relation; experiment is not a separately named current official heading,S0; S2; S3; CH-22b
physics|18|rutherford-scattering-and-model,physics|18,Atoms and Nuclei,Alpha-particle scattering experiment and Rutherford's model of the atom,CH-23a,listed,application,listed,J-PDF p.6 Physics U18; A-PDF p.16 Modern Physics; N-PDF p.7 Physics U18,required,topic audit pending,none,"Alpha source, collimator, foil and detector; impact-parameter trajectories",Verify repulsive scattering direction and supplied Rutherford relation if quantitative; schematic atom is not a literal size measurement,S0; S2; S3
physics|18|bohr-model-and-hydrogen-spectrum,physics|18,Atoms and Nuclei,Bohr model and energy levels,CH-23a,listed,listed,listed,J-PDF p.6 Physics U18; A-PDF p.16 Modern Physics; N-PDF p.7 Physics U18,required,topic audit pending,none,Bohr hydrogen and hydrogen-like ions; allowed level transitions,Check En=-13.6Z²/n² eV under Bohr model and state domain; classical orbit model labels must be explicit,S0; S2; S3
physics|18|bohr-orbit-radius-and-velocity,physics|18,Atoms and Nuclei,Radius and speed of an electron in a Bohr orbit,CH-23a,application,application,application,J-PDF p.6 Physics U18; A-PDF p.16 Modern Physics; N-PDF p.7 Physics U18,required,topic audit pending,none,Allowed orbit radii/speeds for hydrogen-like ions,"Independently check rn∝n²/Z and vn∝Z/n; orbits are model schematics, not literal electron paths",S0; S2; S3
physics|18|hydrogen-spectral-series,physics|18,Atoms and Nuclei,Hydrogen spectrum and spectral series,CH-23a,listed,application,listed,J-PDF p.6 Physics U18; A-PDF p.16 Modern Physics; N-PDF p.7 Physics U18,required,topic audit pending,none,Lyman/Balmer/Paschen examples; emission/absorption and limits,Check transition ΔE=hf and independent Rydberg relation; no upward transition may be labelled spontaneous emission,S0; S2; S3
physics|18|nucleus-composition-size-and-masses,physics|18,Atoms and Nuclei,Composition and size of the nucleus and atomic masses,CH-23b,listed,application,listed,J-PDF p.6 Physics U18; A-PDF p.16 Modern Physics; N-PDF p.7 Physics U18,required,topic audit pending,none,Nuclide proton/neutron counts; radius scaling and atomic versus nuclear mass,Check A=Z+N and R=r0A^(1/3) only with supplied r0; atomic masses need electron convention,S0; S2; S5
physics|18|mass-energy-relation-and-mass-defect,physics|18,Atoms and Nuclei,Mass-energy relation and mass defect,CH-23b,listed,application,listed,J-PDF p.6 Physics U18; A-PDF p.16 Modern Physics; N-PDF p.7 Physics U18,required,topic audit pending,none,Free nucleons versus bound nucleus; atomic-mass correction,Verify Δm c² and consistent mass convention; charge/electron mismatch cannot certify binding energy,S0; S2; S5
physics|18|binding-energy-per-nucleon,physics|18,Atoms and Nuclei,Binding energy per nucleon and its variation with mass number,CH-23b,listed,review,listed,J-PDF p.6 Physics U18; A-PDF p.16 Modern Physics; N-PDF p.7 Physics U18,required,topic audit pending,none,Binding energy per nucleon at supplied A values; peak and fusion/fission trend,"Check BE/A numerically and measured curve data; Advanced lists binding calculation, not the complete plotted mass-number inventory",S0; S2; S5
physics|18|q-value-of-a-nuclear-reaction,physics|18,Atoms and Nuclei,Q value of a nuclear reaction,CH-23b,application,listed,application,J-PDF p.6 Physics U18; A-PDF p.16 Modern Physics; N-PDF p.7 Physics U18,required,topic audit pending,none,Balanced nuclear reaction; masses before/after and exo/endothermic Q,Check nucleon/charge conservation and Q=(mi-mf)c²; inconsistent mass conventions reject,S0; S2; S5
physics|18|nuclear-fission-and-fusion,physics|18,Atoms and Nuclei,Nuclear fission,CH-23b,listed,listed,listed,J-PDF p.6 Physics U18; A-PDF p.16 Modern Physics; N-PDF p.7 Physics U18,required,topic audit pending,none,Source-defined fission channel and emitted neutrons,"Independently balance A,Z and energy from supplied masses; an unbalanced illustrative split cannot be exact",S0; S2; S5
physics|18|nuclear-fusion,physics|18,Atoms and Nuclei,Nuclear fusion,CH-23b,listed,listed,listed,J-PDF p.6 Physics U18; A-PDF p.16 Modern Physics; N-PDF p.7 Physics U18,required,topic audit pending,none,Source-defined fusion channel and products,"Check A,Z and Q values with complete product set; unspecified neutrinos/photons cannot silently disappear",S0; S2; S5
physics|18|radioactive-decay-and-half-life,physics|18,Atoms and Nuclei,Radioactive decay and half-life,CH-23c,supplemental,listed,supplemental,J-PDF p.6 Physics U18; A-PDF p.16 Modern Physics; N-PDF p.7 Physics U18,required,topic audit pending,none,Parent exponential decay; half-life and several elapsed intervals,Verify N=N0exp(-λt) and t½=ln2/λ; Main/NEET nuclear-unit wording does not explicitly enumerate decay,S0; S2; S5; CH-23a; CH-23b
physics|18|activity-and-decay-law,physics|18,Atoms and Nuclei,Activity and the radioactive decay law,CH-23c,supplemental,listed,supplemental,J-PDF p.6 Physics U18; A-PDF p.16 Modern Physics; N-PDF p.7 Physics U18,required,topic audit pending,none,"Activity, decay constant and mean life; parent versus daughter counts",Check Aactivity=λN and τ=1/λ with units; a daughter growth/chain law requires an explicit supported model,S0; S2; S5; CH-23a; CH-23b
physics|19|semiconductors,physics|19,Electronic Devices,Semiconductors,CH-24a,listed,supplemental,listed,J-PDF p.6 Physics U19; A-PDF p.13–16 Physics (electronic devices unlisted); N-PDF p.7 Physics U19,conditional,topic audit pending,none,Semiconductor versus conductor/insulator qualitative behaviour,Check source-supported carrier/temperature relationships; electronics is unlisted as an Advanced standalone lane,S0; S1; S2; CH-02a
physics|19|energy-bands,physics|19,Electronic Devices,"Energy bands in solids: metals, insulators, and semiconductors",CH-24a,application,supplemental,application,J-PDF p.6 Physics U19; A-PDF p.13–16 Physics (electronic devices unlisted); N-PDF p.7 Physics U19,required,topic audit pending,none,Valence/conduction bands and gaps for supplied materials,Verify occupancy/gap ordering against supplied facts; no material-specific gap value may be invented,S0; S1; S2; CH-02a
physics|19|intrinsic-and-extrinsic-semiconductors,physics|19,Electronic Devices,Intrinsic and extrinsic semiconductors,CH-24a,application,supplemental,application,J-PDF p.6 Physics U19; A-PDF p.13–16 Physics (electronic devices unlisted); N-PDF p.7 Physics U19,required,topic audit pending,none,Intrinsic pair generation versus donor/acceptor doping,Check charge neutrality and carrier identities; qualitative doping cannot certify a carrier density without data,S0; S1; S2; CH-02a
physics|19|n-type-and-p-type-semiconductors,physics|19,Electronic Devices,n-type and p-type semiconductors,CH-24a,application,supplemental,application,J-PDF p.6 Physics U19; A-PDF p.13–16 Physics (electronic devices unlisted); N-PDF p.7 Physics U19,required,topic audit pending,none,Donor/acceptor level and majority/minority carriers,Independently count charges and label electrons/holes; n-type is not negatively charged bulk material,S0; S1; S2; CH-02a
physics|19|pn-junction-and-diode-iv,physics|19,Electronic Devices,p-n junction and semiconductor diode I-V characteristics in forward and reverse bias,CH-24a,listed,supplemental,listed,J-PDF p.6 Physics U19; A-PDF p.13–16 Physics (electronic devices unlisted); N-PDF p.7 Physics U19,required,topic audit pending,none,p-n depletion region; forward/reverse bias; supplied diode I-V,Check terminal polarity and source-defined current model; qualitative depletion widths are not exact measurements,S0; S1; S2; CH-02a
physics|19|diode-as-rectifier,physics|19,Electronic Devices,Diode as a half-wave rectifier,CH-24a,application,supplemental,application,J-PDF p.6 Physics U19; A-PDF p.13–16 Physics (electronic devices unlisted); N-PDF p.7 Physics U19,required,topic audit pending,none,One-diode half-wave circuit; load polarity and waveform,Independently evaluate conduction each half-cycle under declared ideal/threshold model; disconnected return path rejects,S0; S1; S2; CH-02a
physics|19|full-wave-rectifier,physics|19,Electronic Devices,Diode as a full-wave rectifier,CH-24a,application,supplemental,application,J-PDF p.6 Physics U19; A-PDF p.13–16 Physics (electronic devices unlisted); N-PDF p.7 Physics U19,required,topic audit pending,none,Bridge and centre-tapped full-wave rectifiers,"Check active diode pairs, load polarity and output period; secondary centre tap cannot be guessed from a generic transformer",S0; S1; S2; CH-02a
physics|19|special-purpose-diodes-and-solar-cell,physics|19,Electronic Devices,"LED, photodiode, solar cell, and Zener diode as semiconductor devices",CH-24b,listed,supplemental,listed,J-PDF p.6 Physics U19; A-PDF p.13–16 Physics (electronic devices unlisted); N-PDF p.7 Physics U19,required,topic audit pending,none,"LED, photodiode, solar cell and Zener roles with terminal orientation","Check device identity, bias and source of energy independently; a single generic diode cannot replace all four devices",S0; S1; S2; S5; CH-24a; CH-02a
physics|19|iv-characteristics-of-special-devices,physics|19,Electronic Devices,"I-V characteristics of LED, photodiode, solar cell, and Zener diode",CH-24b,listed,supplemental,listed,J-PDF p.6 Physics U19; A-PDF p.13–16 Physics (electronic devices unlisted); N-PDF p.7 Physics U19,required,topic audit pending,none,LED forward knee; illuminated photodiode/solar curve; Zener breakdown,Compare to supplied curves and bias axes; no real-device threshold/breakdown constants without source evidence,S0; S1; S2; S5; CH-24a; CH-02a
physics|19|zener-voltage-regulator,physics|19,Electronic Devices,Zener diode as a voltage regulator,CH-24b,listed,supplemental,listed,J-PDF p.6 Physics U19; A-PDF p.13–16 Physics (electronic devices unlisted); N-PDF p.7 Physics U19,required,topic audit pending,none,"Reverse Zener, series resistor and explicit load; regulation limits","Independently check KCL, Iz range and dissipated power; below breakdown or overloaded circuit cannot be labelled regulated",S0; S1; S2; S5; CH-24a; CH-02a
physics|19|transistor-characteristics-common-emitter,physics|19,Electronic Devices,Transistor characteristics in common emitter configuration,CH-24a,supplemental,supplemental,supplemental,J-PDF p.6 Physics U19; A-PDF p.13–16 Physics (electronic devices unlisted); N-PDF p.7 Physics U19,required,topic audit pending,none,Common-emitter input/output curves and three terminals,Check Ic/Ib and declared transistor operating regions; retained supplemental topic is not current Main/NEET electronics scope,S0; S1; S2; CH-02a
physics|19|transistor-as-switch-or-amplifier,physics|19,Electronic Devices,Transistor as a switch and as an amplifier,CH-24a,supplemental,supplemental,supplemental,J-PDF p.6 Physics U19; A-PDF p.13–16 Physics (electronic devices unlisted); N-PDF p.7 Physics U19,required,topic audit pending,none,Cutoff/saturation switch and active-region amplifier; supplied load line,Verify terminal topology and operating point independently; unsupported gain or output waveform cannot be fabricated,S0; S1; S2; CH-02a
physics|19|logic-gates,physics|19,Electronic Devices,"Logic gates: OR, AND, NOT, NAND, and NOR",CH-24c,listed,supplemental,listed,J-PDF p.6 Physics U19; A-PDF p.13–16 Physics (electronic devices unlisted); N-PDF p.7 Physics U19,required,topic audit pending,none,"OR, AND, NOT, NAND and NOR symbols with all input states",Independently enumerate truth tables and terminal arity; reversed negation bubble or floating input rejects,S0; S1
physics|19|nand-and-nor-universal-gates,physics|19,Electronic Devices,NAND and NOR as universal gates,CH-24c,application,supplemental,application,J-PDF p.6 Physics U19; A-PDF p.13–16 Physics (electronic devices unlisted); N-PDF p.7 Physics U19,required,topic audit pending,none,NAND-only and NOR-only implementations of basic gates,Exhaustively compare composed network truth table to target; universal-gate application is not a separately listed official heading,S0; S1
physics|20|vernier-callipers,physics|20,Experimental Skills,"Using vernier callipers to measure internal diameter, external diameter, and depth",CH-25a,listed,listed,listed,J-PDF p.6 U20 activity 1; A-PDF p.13 General; N-PDF p.7 U20 activity 1,required,topic audit pending,candidate: packages/scene-engine/src/compile/elasticityGeometry.ts; packages/scene-engine/scripts/verify/verify-elasticity-operators.ts,Internal/external jaws and depth rod; several observed scale alignments,Independently compute reading and least count with units; wrong jaw/depth method or missing scale image cannot certify measurement,S0; S1; S5; CH-34a; CH-34b; CH-34c; CH-07b; CH-19a
physics|20|vernier-zero-error,physics|20,Experimental Skills,Zero error of a vernier calliper,CH-25a,application,application,application,J-PDF p.6 U20 activity 1; A-PDF p.13 General; N-PDF p.7 U20 activity 1,required,topic audit pending,candidate: packages/scene-engine/src/compile/elasticityGeometry.ts; packages/scene-engine/scripts/verify/verify-elasticity-operators.ts,Positive/negative vernier zero error and corrected specimen reading,Check corrected reading=observed-zeroError; missing zero observation cannot justify a correction,S0; S1; S5; CH-34a; CH-34b; CH-34c; CH-07b; CH-19a
physics|20|screw-gauge,physics|20,Experimental Skills,Using a screw gauge to determine the thickness or diameter of a thin sheet or wire,CH-25a,listed,listed,listed,J-PDF p.6 U20 activity 2; A-PDF p.13 General; N-PDF p.7 U20 activity 2,required,topic audit pending,candidate: packages/scene-engine/src/compile/elasticityGeometry.ts; packages/scene-engine/scripts/verify/verify-elasticity-operators.ts,Thin wire and sheet; pitch and circular scale readings,Compute least count=pitch/divisions and diameter independently; pitch must not be inferred from instrument resemblance,S0; S1; S5; CH-34a; CH-34b; CH-34c; CH-07b; CH-19a
physics|20|screw-gauge-zero-error,physics|20,Experimental Skills,Zero error of a screw gauge,CH-25a,application,application,application,J-PDF p.6 U20 activity 2; A-PDF p.13 General; N-PDF p.7 U20 activity 2,required,topic audit pending,candidate: packages/scene-engine/src/compile/elasticityGeometry.ts; packages/scene-engine/scripts/verify/verify-elasticity-operators.ts,Positive/negative screw-gauge zero error; full-turn crossings,Verify signed correction and main-scale rollover; a reversed correction rejects,S0; S1; S5; CH-34a; CH-34b; CH-34c; CH-07b; CH-19a
physics|20|simple-pendulum-amplitude-squared-vs-time,physics|20,Experimental Skills,Simple pendulum dissipation of energy by plotting square of amplitude versus time,CH-25b,listed,supplemental,listed,J-PDF p.6 U20 activity 3; A-PDF p.13 General; N-PDF p.7 U20 activity 3,required,topic audit pending,none,Pendulum amplitude observations; A² versus time and dissipation,"Check energy∝A² in small-angle model and declining source observations; Main/NEET list this, Advanced g experiment is different",S0; S1; S2; S5; CH-27a; CH-27b; CH-19b; CH-19c; CH-19d
physics|20|simple-pendulum-l-t-squared-graph,physics|20,Experimental Skills,Simple pendulum dissipation of energy by plotting the L-T^2 graph,CH-25b,review,review,review,"J-PDF p.6 U20 activity 3 (A²-time, not L-T²); A-PDF p.13 General; N-PDF p.7 U20 activity 3 (A²-time, not L-T²)",required,topic audit pending,none,Preserved L-T² dissipation label; g-from-period alternate interpretation,Editorial decision must separate T²=4π²L/g from A²-time dissipation; L-T² data cannot certify energy loss under the exact retained label,S0; S1; S2; S5; CH-27a; CH-27b; CH-19b; CH-19c; CH-19d
physics|20|metre-scale-principle-of-moments,physics|20,Experimental Skills,Using a metre scale to find the mass of a given object by the principle of moments,CH-25a,listed,application,listed,J-PDF p.6 U20 activity 4; A-PDF p.13 General; N-PDF p.7 U20 activity 4,required,topic audit pending,candidate: packages/scene-engine/src/compile/elasticityGeometry.ts; packages/scene-engine/scripts/verify/verify-elasticity-operators.ts,"Metre rule fulcrum, known/unknown masses and rule COM",Check clockwise/anticlockwise moments including rule mass; Advanced rigid-body application is not a named General activity,S0; S1; S5; CH-34a; CH-34b; CH-34c; CH-07b; CH-19a
physics|20|youngs-modulus-of-wire,physics|20,Experimental Skills,Young's modulus of elasticity of the material of a metallic wire,CH-25a,listed,listed,listed,J-PDF p.6 U20 activity 5; A-PDF p.13 General; N-PDF p.7 U20 activity 5,required,topic audit pending,candidate: packages/scene-engine/src/compile/elasticityGeometry.ts; packages/scene-engine/scripts/verify/verify-elasticity-operators.ts,"Wire loading, length, radius and measured extension; reference-wire correction where supplied",Verify Y=FL/(πr²ΔL) and observation units; apparatus curve alone cannot invent wire radius,S0; S1; S5; CH-34a; CH-34b; CH-34c; CH-07b; CH-19a
physics|20|surface-tension-by-capillary-rise,physics|20,Experimental Skills,Surface tension of water by capillary rise,CH-25b,listed,listed,listed,J-PDF p.6 U20 activity 6; A-PDF p.13 General; N-PDF p.7 U20 activity 6,required,topic audit pending,none,"Capillary radius, meniscus height and contact angle",Check γ=hρgr/(2cosθ) with source correction assumptions; wrong meniscus orientation rejects,S0; S1; S2; S5; CH-27a; CH-27b; CH-19b; CH-19c; CH-19d
physics|20|effect-of-detergents-on-surface-tension,physics|20,Experimental Skills,Surface tension of water by capillary rise and effect of detergents,CH-25b,listed,listed,listed,J-PDF p.6 U20 activity 6; A-PDF p.13 General; N-PDF p.7 U20 activity 6,required,topic audit pending,none,Same apparatus before/after detergent; supplied rise observations,Independently compare inferred surface tensions holding controlled variables; qualitative detergent trend is not a measured numeric ratio,S0; S1; S2; S5; CH-27a; CH-27b; CH-19b; CH-19c; CH-19d
physics|20|viscosity-of-given-liquid,physics|20,Experimental Skills,Coefficient of viscosity of a given viscous liquid,CH-25b,listed,application,listed,J-PDF p.6 U20 activity 7; A-PDF p.13 General; N-PDF p.7 U20 activity 7,required,topic audit pending,none,Liquid viscosity experiment; method and observations supplied,Check method-specific law and units; generic viscosity label cannot automatically establish terminal-speed apparatus,S0; S1; S2; S5; CH-27a; CH-27b; CH-19b; CH-19c; CH-19d
physics|20|terminal-velocity-method-for-viscosity,physics|20,Experimental Skills,Coefficient of viscosity of a given viscous liquid by measuring terminal velocity of a spherical body,CH-25b,listed,application,listed,J-PDF p.6 U20 activity 7; A-PDF p.13 General; N-PDF p.7 U20 activity 7,required,topic audit pending,none,"Sphere fall markers, terminal plateau, density and radius",Verify η=2r²(ρsphere-ρliquid)g/(9vt) in Stokes regime; Advanced Stokes application is not a named General experiment,S0; S1; S2; S5; CH-27a; CH-27b; CH-19b; CH-19c; CH-19d
physics|20|speed-of-sound-resonance-tube,physics|20,Experimental Skills,Speed of sound in air at room temperature using a resonance tube,CH-25b,listed,listed,listed,J-PDF p.6 U20 activity 8; A-PDF p.13 General; N-PDF p.7 U20 activity 8,required,topic audit pending,none,Resonance tube first/second resonance; open and water-closed boundary,Check v=2f(L2-L1) with consistent end correction; pressure/displacement node labels cannot swap,S0; S1; S2; S5; CH-27a; CH-27b; CH-19b; CH-19c; CH-19d
physics|20|specific-heat-capacity-by-mixtures,physics|20,Experimental Skills,Specific heat capacity of a given solid by the method of mixtures,CH-25b,listed,application,listed,J-PDF p.6 U20 activity 9(i); A-PDF p.13 General; N-PDF p.7 U20 activity 9(i),required,topic audit pending,none,"Heated solid, liquid, calorimeter and final mixture temperature","Independently close heat balance including calorimeter; Advanced General explicitly names liquid specific heat, not solid method",S0; S1; S2; S5; CH-27a; CH-27b; CH-19b; CH-19c; CH-19d
physics|20|specific-heat-capacity-of-a-liquid,physics|20,Experimental Skills,Specific heat capacity of a given liquid by the method of mixtures,CH-25b,listed,listed,listed,J-PDF p.6 U20 activity 9(ii); A-PDF p.13 General; N-PDF p.7 U20 activity 9(ii),required,topic audit pending,none,Liquid specific heat; mixtures for Main/NEET and source-specified calorimeter for Advanced,"Check heat balance, masses and water equivalent; one method's observations cannot certify another method silently",S0; S1; S2; S5; CH-27a; CH-27b; CH-19b; CH-19c; CH-19d
physics|20|resistivity-using-metre-bridge,physics|20,Experimental Skills,Resistivity of the material of a given wire using a metre bridge,CH-25c,listed,listed,listed,J-PDF p.6 U20 activity 10; A-PDF p.13 General; N-PDF p.7 U20 activity 10,required,topic audit pending,none,Metre bridge null lengths and wire area; Advanced post-office-box alternative,Check balance ratio and ρ=RA/L; post-office-box resistance-arm topology and plug ratios require their own observations,S0; S1; S2; S5; CH-02a; CH-02b; CH-02c; CH-05c; CH-10a; CH-10b; CH-24a; CH-24b; CH-24c
physics|20|metre-bridge-end-correction,physics|20,Experimental Skills,End correction in a metre bridge,CH-25c,application,application,application,J-PDF p.6 U20 activity 10 (end correction application); A-PDF p.13 General; N-PDF p.7 U20 activity 10 (end correction application),required,topic audit pending,none,Both gap placements; supplied contact/end resistance corrections,Independently solve corrected bridge ratios and compare swapped gaps; zero correction cannot be assumed from ideal wire geometry,S0; S1; S2; S5; CH-02a; CH-02b; CH-02c; CH-05c; CH-10a; CH-10b; CH-24a; CH-24b; CH-24c
physics|20|resistance-of-wire-using-ohms-law,physics|20,Experimental Skills,Resistance of a given wire using Ohm's law,CH-25c,listed,listed,listed,J-PDF p.6 U20 activity 11; A-PDF p.13 General; N-PDF p.7 U20 activity 11,required,topic audit pending,none,"Voltmeter parallel, ammeter series; observed V-I pairs",Check connection topology and slope R; Advanced Ohm verification is not automatically every resistance-measurement method,S0; S1; S2; S5; CH-02a; CH-02b; CH-02c; CH-05c; CH-10a; CH-10b; CH-24a; CH-24b; CH-24c
physics|20|galvanometer-resistance-half-deflection,physics|20,Experimental Skills,Resistance of a galvanometer by the half-deflection method,CH-25c,listed,supplemental,listed,J-PDF p.6 U20 activity 12; A-PDF p.13 General; N-PDF p.7 U20 activity 12 (Advanced named General inventory differs),required,topic audit pending,none,Half-deflection shunt switch and external resistance,Derive exact galvanometer resistance from both circuit states; RG≈shunt only under its stated large-series-resistance approximation,S0; S1; S2; S5; CH-02a; CH-02b; CH-02c; CH-05c; CH-10a; CH-10b; CH-24a; CH-24b; CH-24c
physics|20|galvanometer-figure-of-merit,physics|20,Experimental Skills,Resistance and figure of merit of a galvanometer by the half-deflection method,CH-25c,listed,supplemental,listed,J-PDF p.6 U20 activity 12; A-PDF p.13 General; N-PDF p.7 U20 activity 12 (Advanced named General inventory differs),required,topic audit pending,none,Half-deflection plus known current and angular divisions,Check figure of merit=I/deflection with calibrated units and exact circuit current; resistance measurement alone does not certify sensitivity,S0; S1; S2; S5; CH-02a; CH-02b; CH-02c; CH-05c; CH-10a; CH-10b; CH-24a; CH-24b; CH-24c
physics|20|emf-internal-resistance-and-potential-difference-of-cell,physics|20,Experimental Skills,"EMF of a cell, internal resistance, and potential difference",CH-25c,application,application,application,J-PDF p.6 U20 activity unlisted (U12 cell-law application); A-PDF p.13 General; N-PDF p.7 U20 activity unlisted (U12 cell-law application); J-PDF p.5 U12; N-PDF p.6 U12; A-PDF p.15 Electricity and Magnetism; p.13 General,required,topic audit pending,none,"Open-circuit and loaded cell observations; ε,r,Vterminal","Check V=ε-Ir and measurement loading; broad cell topic is a circuit-law application, not an enumerated U20 activity",S0; S1; S2; S5; CH-02a; CH-02b; CH-02c; CH-05c; CH-10a; CH-10b; CH-24a; CH-24b; CH-24c
physics|20|focal-length-by-parallax-method,physics|20,Experimental Skills,Focal length of a concave mirror using the parallax method,CH-25c,listed,application,listed,J-PDF p.6 U20 activity 13(ii); A-PDF p.13 General; N-PDF p.7 U20 activity 13(ii),required,topic audit pending,none,Concave mirror parallax pins for Main/NEET; u-v observations for Advanced,"Independently check no-parallax coincidence, sign law and u-v focal calculation; one method cannot count as evidence for the other",S0; S1; S2; S5; CH-02a; CH-02b; CH-02c; CH-05c; CH-10a; CH-10b; CH-24a; CH-24b; CH-24c
physics|20|focal-length-convex-mirror-parallax,physics|20,Experimental Skills,Focal length of a convex mirror using the parallax method,CH-25c,listed,supplemental,listed,J-PDF p.6 U20 activity 13(i); A-PDF p.13 General; N-PDF p.7 U20 activity 13(i),required,topic audit pending,none,Convex mirror parallax using an auxiliary real image,"Verify optical order and virtual-image contact/sign convention; Advanced General lists concave mirror, not convex-mirror focal experiment",S0; S1; S2; S5; CH-02a; CH-02b; CH-02c; CH-05c; CH-10a; CH-10b; CH-24a; CH-24b; CH-24c
physics|20|focal-length-convex-lens-parallax,physics|20,Experimental Skills,Focal length of a convex lens using the parallax method,CH-25c,listed,application,listed,J-PDF p.6 U20 activity 13(iii); A-PDF p.13 General; N-PDF p.7 U20 activity 13(iii),required,topic audit pending,none,Convex lens no-parallax image for Main/NEET; u-v pairs for Advanced,Check coincidence and 1/f=1/v-1/u with signs; retain distinct method observations and uncertainty,S0; S1; S2; S5; CH-02a; CH-02b; CH-02c; CH-05c; CH-10a; CH-10b; CH-24a; CH-24b; CH-24c
physics|20|distance-and-magnification-for-convex-lens,physics|20,Experimental Skills,Plotting the graph between distance and magnification for a convex lens,CH-25c,application,application,application,J-PDF p.6 U20 activity unlisted (U16 lens application); A-PDF p.13 General; N-PDF p.7 U20 activity unlisted (U16 lens application); J-PDF p.5 U16; N-PDF p.6–7 U16; A-PDF p.15–16 Optics,required,topic audit pending,none,Supplied lens distances and magnifications; signed real/virtual branches,Check m=v/u and lens equation from observed pairs; this graph is an application rather than a named current experiment,S0; S1; S2; S5; CH-02a; CH-02b; CH-02c; CH-05c; CH-10a; CH-10b; CH-24a; CH-24b; CH-24c
physics|20|prism-deviation-vs-incidence,physics|20,Experimental Skills,Plotting angle of deviation versus angle of incidence for a triangular prism,CH-25c,listed,application,listed,J-PDF p.6 U20 activity 14; A-PDF p.13 General; N-PDF p.7 U20 activity 14,required,topic audit pending,none,Incidence/deviation observations on both sides of minimum,Verify prism geometry and minimum-deviation law from measured pairs; source-free smooth curve cannot certify measured minimum,S0; S1; S2; S5; CH-02a; CH-02b; CH-02c; CH-05c; CH-10a; CH-10b; CH-24a; CH-24b; CH-24c
physics|20|refractive-index-of-glass-slab,physics|20,Experimental Skills,Refractive index of a glass slab using a travelling microscope,CH-25c,listed,supplemental,listed,J-PDF p.6 U20 activity 15; A-PDF p.13 General; N-PDF p.8 U20 activity 15 (Advanced named General inventory differs),required,topic audit pending,none,Travelling microscope top/bottom/apparent-bottom readings,Check refractive index=true/apparent thickness with reading differences; parallax-pin observations cannot replace the microscope method,S0; S1; S2; S5; CH-02a; CH-02b; CH-02c; CH-05c; CH-10a; CH-10b; CH-24a; CH-24b; CH-24c
physics|20|pn-junction-diode-characteristic-curves,physics|20,Experimental Skills,Characteristic curves of a p-n junction diode in forward and reverse bias,CH-25c,listed,supplemental,listed,J-PDF p.6 U20 activity 16; A-PDF p.13 General; N-PDF p.8 U20 activity 16 (Advanced named General inventory differs),required,topic audit pending,none,Forward and reverse diode bias; ammeter range and observed I-V pairs,"Check circuit polarity, axes and measured points; reverse-current resolution cannot be inferred from a generic scale",S0; S1; S2; S5; CH-02a; CH-02b; CH-02c; CH-05c; CH-10a; CH-10b; CH-24a; CH-24b; CH-24c
physics|20|zener-diode-characteristic-curves,physics|20,Experimental Skills,Characteristic curves of a Zener diode and reverse breakdown voltage,CH-25c,listed,supplemental,listed,J-PDF p.6 U20 activity 17; A-PDF p.13 General; N-PDF p.8 U20 activity 17 (Advanced named General inventory differs),required,topic audit pending,none,Zener reverse-bias sweep and observed breakdown knee,Check terminal polarity and independently identify breakdown from source data; a guessed voltage cannot become a measurement,S0; S1; S2; S5; CH-02a; CH-02b; CH-02c; CH-05c; CH-10a; CH-10b; CH-24a; CH-24b; CH-24c
physics|20|identify-basic-electronic-components,physics|20,Experimental Skills,"Identification of a diode, LED, resistor, and capacitor from a mixed collection",CH-25c,listed,supplemental,listed,J-PDF p.6 U20 activity 18; A-PDF p.13 General; N-PDF p.8 U20 activity 18 (Advanced named General inventory differs),required,topic audit pending,none,"Mixed diode, LED, resistor and capacitor specimens/source images",Check identifying features against referenced component evidence; appearance alone cannot infer numerical rating or polarity when unmarked,S0; S1; S2; S5; CH-02a; CH-02b; CH-02c; CH-05c; CH-10a; CH-10b; CH-24a; CH-24b; CH-24c
physics|20|identify-transistor-and-ic,physics|20,Experimental Skills,Identification of a transistor and an IC from a mixed collection,CH-25c,supplemental,supplemental,supplemental,J-PDF p.6 U20 activity unlisted (collection 18 omits transistor/IC); A-PDF p.13 General; N-PDF p.8 U20 activity unlisted (collection 18 omits transistor/IC) (Advanced named General inventory differs),required,topic audit pending,none,Transistor pinout and identified IC markings from supplied specimens,Match versioned component facts and terminal topology; current U20 mixed collection does not enumerate transistor/IC identification,S0; S1; S2; S5; CH-02a; CH-02b; CH-02c; CH-05c; CH-10a; CH-10b; CH-24a; CH-24b; CH-24c
physics|20|transistor-characteristic-curves-and-current-gain,physics|20,Experimental Skills,"Transistor characteristics in common emitter configuration, characteristic curves, and finding current gain",CH-25c,supplemental,supplemental,supplemental,J-PDF p.6 U20 activity unlisted (transistor); A-PDF p.13 General; N-PDF p.8 U20 activity unlisted (transistor) (Advanced named General inventory differs),required,topic audit pending,none,CE bias circuit; measured input/output curves and current gain,Recompute gain and operating point from observations; supplemental activity cannot silently become U20 coverage,S0; S1; S2; S5; CH-02a; CH-02b; CH-02c; CH-05c; CH-10a; CH-10b; CH-24a; CH-24b; CH-24c
physics|20|logic-gate-identification-and-truth-tables,physics|20,Experimental Skills,Identification of logic gates and truth tables,CH-25c,application,application,application,J-PDF p.6 U20 activity unlisted (U19 logic application); A-PDF p.13 General; N-PDF p.8 U20 activity unlisted (U19 logic application); J-PDF p.6 U19; N-PDF p.7 U19; A-PDF p.13–16 Physics (electronic devices unlisted) (Advanced named General inventory differs),required,topic audit pending,none,Named five gates; all supplied input/output states,Exhaustively verify truth table and symbol terminal count; application of U19 logic is not an enumerated U20 experiment,S0; S1; S2; S5; CH-02a; CH-02b; CH-02c; CH-05c; CH-10a; CH-10b; CH-24a; CH-24b; CH-24c
physics|15|displacement-current,physics|15,Electromagnetic Waves,Displacement current,CH-26c,listed,application,listed,J-PDF p.5 Physics U15; A-PDF p.15 Electromagnetic Waves; N-PDF p.6 Physics U15,required,topic audit pending,none,Charging capacitor gap; conduction versus displacement current surfaces,Independently check Id=ε0 dΦE/dt and continuity under the given model; a dielectric requires declared constitutive assumptions,S0; S1; S3; CH-08c; CH-02a
physics|15|electromagnetic-waves-and-characteristics,physics|15,Electromagnetic Waves,Electromagnetic waves and their characteristics,CH-26a,listed,listed,listed,J-PDF p.5 Physics U15; A-PDF p.15 Electromagnetic Waves; N-PDF p.6 Physics U15,required,topic audit pending,none,"Plane wave with E,B and propagation; shared phase",Check field directions and c=E/B in vacuum; a mechanical displacement wave cannot certify EM semantics,S0; S3
physics|15|transverse-nature,physics|15,Electromagnetic Waves,Transverse nature of electromagnetic waves,CH-26a,listed,application,listed,J-PDF p.5 Physics U15; A-PDF p.15 Electromagnetic Waves; N-PDF p.6 Physics U15,required,topic audit pending,none,"Orthogonal E,B,k triad; reversed propagation/polarization",Check E·k=B·k=E·B=0 and E×B along propagation; flattened apparent angles are not proofs,S0; S3
physics|15|speed-of-electromagnetic-waves,physics|15,Electromagnetic Waves,Speed of electromagnetic waves in vacuum and in a medium,CH-26b,application,application,application,J-PDF p.5 Physics U15; A-PDF p.15 Electromagnetic Waves; N-PDF p.6 Physics U15,required,topic audit pending,none,"Vacuum λ,f,c and a source-defined isotropic medium",Check v=1/sqrt(με) and λ=v/f under declared model; vacuum constants cannot silently describe a dispersive medium,S0; S2
physics|15|energy-and-momentum-of-em-waves,physics|15,Electromagnetic Waves,"Energy density, intensity, and momentum of electromagnetic waves",CH-26a,application,application,application,J-PDF p.5 Physics U15; A-PDF p.15 Electromagnetic Waves; N-PDF p.6 Physics U15,required,topic audit pending,none,"Plane-wave energy density, intensity and radiation momentum","Check supplied field model's energy and Poynting vector; pressure depends on absorption/reflection, not on display amplitude",S0; S3
physics|15|electromagnetic-spectrum,physics|15,Electromagnetic Waves,Electromagnetic spectrum,CH-26b,listed,listed,listed,J-PDF p.5 Physics U15; A-PDF p.15 Electromagnetic Waves; N-PDF p.6 Physics U15,required,topic audit pending,none,Radio through gamma bands; wavelength/frequency inverse ordering,Verify ordering and source-defined band limits; X-ray spectrum membership does not imply decay/Moseley scope,S0; S2
physics|15|applications-of-electromagnetic-waves,physics|15,Electromagnetic Waves,Applications of electromagnetic waves,CH-26b,listed,listed,listed,J-PDF p.5 Physics U15; A-PDF p.15 Electromagnetic Waves; N-PDF p.6 Physics U15,conditional,topic audit pending,none,Band-specific imaging/heating/communication uses with source context,Check use-to-band relationships against independent facts; recall-only use lists can be legitimately text-only,S0; S2
physics|15|production-of-electromagnetic-waves,physics|15,Electromagnetic Waves,Production of electromagnetic waves by an accelerating charge,CH-26a,application,application,application,J-PDF p.5 Physics U15; A-PDF p.15 Electromagnetic Waves; N-PDF p.6 Physics U15,conditional,topic audit pending,none,Accelerating charge or antenna source; qualitative outgoing field,Check stated radiation mechanism and direction constraints; source motion alone cannot invent a quantitative radiation pattern,S0; S3
physics|10|periodic-motion-and-functions,physics|10,Oscillations and Waves,"Periodic motion, time period, frequency, displacement as a function of time, and periodic functions",CH-27a,listed,application,listed,J-PDF p.4 Physics U10; A-PDF p.13–14 Mechanics; N-PDF p.5 Physics U10,required,topic audit pending,candidate: packages/scene-engine/src/compile/harmonicMotionGeometry.ts; packages/scene-engine/scripts/verify/verify-harmonic-motion-operators.ts,Sinusoidal and non-sinusoidal periodic x(t); repeated cycle,Check x(t+T)=x(t) and f=1/T; periodic motion is not automatically SHM,S0; S1; S2; S3; CH-03a; CH-04b
physics|10|shm-and-equation,physics|10,Oscillations and Waves,Simple harmonic motion and its equation,CH-27a,listed,listed,listed,J-PDF p.4 Physics U10; A-PDF p.13–14 Mechanics; N-PDF p.5 Physics U10,required,topic audit pending,candidate: packages/scene-engine/src/compile/harmonicMotionGeometry.ts; packages/scene-engine/scripts/verify/verify-harmonic-motion-operators.ts,"Displacement, velocity and acceleration through a cycle",Verify x''=-ω²(x-xeq) and time-law derivatives; unsupported nonlinear restoring law cannot be called SHM,S0; S1; S2; S3; CH-03a; CH-04b
physics|10|phase-of-shm,physics|10,Oscillations and Waves,Phase of simple harmonic motion,CH-27a,listed,application,listed,J-PDF p.4 Physics U10; A-PDF p.13–14 Mechanics; N-PDF p.5 Physics U10,required,topic audit pending,candidate: packages/scene-engine/src/compile/harmonicMotionGeometry.ts; packages/scene-engine/scripts/verify/verify-harmonic-motion-operators.ts,Initial displacement/velocity; phase differences and quadrature,Solve source phase modulo 2π and check state consistency; same displacement can have opposite velocities,S0; S1; S2; S3; CH-03a; CH-04b
physics|10|shm-from-uniform-circular-motion,physics|10,Oscillations and Waves,Simple harmonic motion as the projection of uniform circular motion,CH-27a,application,application,application,J-PDF p.4 Physics U10; A-PDF p.13–14 Mechanics; N-PDF p.5 Physics U10,required,topic audit pending,candidate: packages/scene-engine/src/compile/harmonicMotionGeometry.ts; packages/scene-engine/scripts/verify/verify-harmonic-motion-operators.ts,Clockwise/anticlockwise circle projection and phase origin,Verify x=Acos(ωt+φ) and signed derivatives; circle display orientation cannot silently reverse physical time,S0; S1; S2; S3; CH-03a; CH-04b
physics|10|spring-oscillations,physics|10,Oscillations and Waves,Oscillations of a spring,CH-27a,listed,application,listed,J-PDF p.4 Physics U10; A-PDF p.13–14 Mechanics; N-PDF p.5 Physics U10,required,topic audit pending,candidate: packages/scene-engine/src/compile/harmonicMotionGeometry.ts; packages/scene-engine/scripts/verify/verify-harmonic-motion-operators.ts,Horizontal and vertical mass-spring; shifted equilibrium,"Check ω²=k/m and equilibrium extension; gravity shifts equilibrium, not ideal linear period",S0; S1; S2; S3; CH-03a; CH-04b
physics|10|spring-restoring-force-and-force-constant,physics|10,Oscillations and Waves,Restoring force and force constant for spring oscillations,CH-27a,listed,listed,listed,J-PDF p.4 Physics U10; A-PDF p.13–14 Mechanics; N-PDF p.5 Physics U10,required,topic audit pending,candidate: packages/scene-engine/src/compile/harmonicMotionGeometry.ts; packages/scene-engine/scripts/verify/verify-harmonic-motion-operators.ts,Stretch/compression relative to equilibrium,Verify F=-kx and positive force constant; rest length and equilibrium must remain distinct,S0; S1; S2; S3; CH-03a; CH-04b
physics|10|series-and-parallel-springs,physics|10,Oscillations and Waves,Oscillations of series and parallel combinations of springs,CH-27a,application,application,application,J-PDF p.4 Physics U10; A-PDF p.13–14 Mechanics; N-PDF p.5 Physics U10,required,topic audit pending,candidate: packages/scene-engine/src/compile/harmonicMotionGeometry.ts; packages/scene-engine/scripts/verify/verify-harmonic-motion-operators.ts,Series and parallel spring networks; unequal stiffness,Independently derive effective k from extension/force constraints; an absent connection cannot be inferred from proximity,S0; S1; S2; S3; CH-03a; CH-04b
physics|10|simple-pendulum-time-period,physics|10,Oscillations and Waves,Time period of a simple pendulum,CH-27a,listed,application,listed,J-PDF p.4 Physics U10; A-PDF p.13–14 Mechanics; N-PDF p.5 Physics U10; A-PDF p.13 General (g using simple pendulum),required,topic audit pending,candidate: packages/scene-engine/src/compile/harmonicMotionGeometry.ts; packages/scene-engine/scripts/verify/verify-harmonic-motion-operators.ts,Small-angle pendulum; changing length and g,Check T=2πsqrt(L/g) within approximation; finite-amplitude/nonlinear period stays an explicit supplemental extension,S0; S1; S2; S3; CH-03a; CH-04b
physics|10|pendulum-time-period-derivation,physics|10,Oscillations and Waves,Derivation of the expression for the time period of a simple pendulum,CH-27a,listed,application,listed,J-PDF p.4 Physics U10; A-PDF p.13–14 Mechanics; N-PDF p.5 Physics U10; A-PDF p.13 General (g using simple pendulum),required,topic audit pending,candidate: packages/scene-engine/src/compile/harmonicMotionGeometry.ts; packages/scene-engine/scripts/verify/verify-harmonic-motion-operators.ts,Tangential restoring force and small-angle torque derivation,Verify sinθ≈θ and equation θ''=-(g/L)θ; no small-angle proof may certify arbitrary-amplitude motion,S0; S1; S2; S3; CH-03a; CH-04b
physics|10|energy-in-shm,physics|10,Oscillations and Waves,Kinetic and potential energies in simple harmonic motion,CH-27a,listed,application,listed,J-PDF p.4 Physics U10; A-PDF p.13–14 Mechanics; N-PDF p.5 Physics U10,required,topic audit pending,candidate: packages/scene-engine/src/compile/harmonicMotionGeometry.ts; packages/scene-engine/scripts/verify/verify-harmonic-motion-operators.ts,"Turning points, equilibrium crossing and energy-time curves",Check K+U=kA²/2 and phase relation; displayed offsets cannot alter physical energy zero,S0; S1; S2; S3; CH-03a; CH-04b
physics|10|superposition-of-two-shms,physics|10,Oscillations and Waves,Superposition of two simple harmonic motions along a straight line,CH-27a,application,application,application,J-PDF p.4 Physics U10; A-PDF p.13–14 Mechanics; N-PDF p.5 Physics U10,required,topic audit pending,candidate: packages/scene-engine/src/compile/harmonicMotionGeometry.ts; packages/scene-engine/scripts/verify/verify-harmonic-motion-operators.ts,Equal-frequency collinear SHMs; cancellation and phase shift,Independently add phasors and check amplitude bounds; unequal frequencies cannot be collapsed into one same-frequency SHM,S0; S1; S2; S3; CH-03a; CH-04b
physics|10|wave-motion-and-types,physics|10,Oscillations and Waves,Wave motion and longitudinal and transverse waves,CH-27b,listed,listed,listed,J-PDF p.4 Physics U10; A-PDF p.13–14 Mechanics; N-PDF p.5 Physics U10,required,topic audit pending,candidate: packages/scene-engine/src/compile/wavesGeometry.ts; packages/scene-engine/scripts/verify/verify-waves-operators.ts,Longitudinal compression/rarefaction and transverse displacement,Check displacement direction relative to propagation; Advanced cases remain plane waves,S0; S2; S3
physics|10|travelling-wave-relation,physics|10,Oscillations and Waves,Displacement relation for a progressive wave,CH-27b,listed,listed,listed,J-PDF p.4 Physics U10; A-PDF p.13–14 Mechanics; N-PDF p.5 Physics U10,required,topic audit pending,candidate: packages/scene-engine/src/compile/wavesGeometry.ts; packages/scene-engine/scripts/verify/verify-waves-operators.ts,Opposite travel directions; phase snapshots at different times,Verify phase kx∓ωt+φ and derivative propagation sign; spatial snapshot is not a time graph,S0; S2; S3
physics|10|speed-of-a-travelling-wave,physics|10,Oscillations and Waves,Speed of a travelling wave on a string,CH-27b,application,application,application,J-PDF p.4 Physics U10; A-PDF p.13–14 Mechanics; N-PDF p.5 Physics U10,required,topic audit pending,candidate: packages/scene-engine/src/compile/wavesGeometry.ts; packages/scene-engine/scripts/verify/verify-waves-operators.ts,String tension and linear mass density; wavelength-frequency relation,Check v=sqrt(T/μ)=fλ under ideal string assumptions; zero/negative tension rejects,S0; S2; S3
physics|10|superposition-and-reflection,physics|10,Oscillations and Waves,Principle of superposition of waves,CH-27b,listed,listed,listed,J-PDF p.4 Physics U10; A-PDF p.13–14 Mechanics; N-PDF p.5 Physics U10,required,topic audit pending,candidate: packages/scene-engine/src/compile/wavesGeometry.ts; packages/scene-engine/scripts/verify/verify-waves-operators.ts,Two compatible travelling waves; constructive/destructive phases,"Independently sum displacements at shared x,t; different units/domains cannot silently combine",S0; S2; S3
physics|10|reflection-of-waves,physics|10,Oscillations and Waves,Reflection of waves,CH-27b,listed,application,listed,J-PDF p.4 Physics U10; A-PDF p.13–14 Mechanics; N-PDF p.5 Physics U10,required,topic audit pending,candidate: packages/scene-engine/src/compile/wavesGeometry.ts; packages/scene-engine/scripts/verify/verify-waves-operators.ts,"Fixed-end inversion, free-end non-inversion and incident/reflected paths",Check boundary displacement or slope condition and phase change; end type must come from the source,S0; S2; S3
physics|10|standing-waves-harmonics-and-beats,physics|10,Oscillations and Waves,"Standing waves in strings, fundamental mode, and harmonics",CH-27b,listed,listed,listed,J-PDF p.4 Physics U10; A-PDF p.13–14 Mechanics; N-PDF p.5 Physics U10,required,topic audit pending,candidate: packages/scene-engine/src/compile/wavesGeometry.ts; packages/scene-engine/scripts/verify/verify-waves-operators.ts,Fixed-fixed strings; first and higher harmonics,Verify endpoint nodes and fn=nv/(2L); impossible node counts reject,S0; S2; S3
physics|10|organ-pipes,physics|10,Oscillations and Waves,Standing waves in organ pipes,CH-27b,listed,listed,listed,J-PDF p.4 Physics U10; A-PDF p.13–14 Mechanics; N-PDF p.5 Physics U10,required,topic audit pending,candidate: packages/scene-engine/src/compile/wavesGeometry.ts; packages/scene-engine/scripts/verify/verify-waves-operators.ts,Open-open and closed-open pipes; pressure versus displacement modes,Check end conditions and odd-only closed-pipe frequencies; never swap pressure nodes with displacement nodes,S0; S2; S3
physics|10|beats,physics|10,Oscillations and Waves,Beats,CH-27b,listed,listed,listed,J-PDF p.4 Physics U10; A-PDF p.13–14 Mechanics; N-PDF p.5 Physics U10,required,topic audit pending,candidate: packages/scene-engine/src/compile/wavesGeometry.ts; packages/scene-engine/scripts/verify/verify-waves-operators.ts,Close frequencies; amplitude envelope and beat count,Independently check fbeat=abs(f1-f2) and envelope maxima; equal-frequency waves cannot yield nonzero beats,S0; S2; S3
physics|10|intensity-and-amplitude-of-a-wave,physics|10,Oscillations and Waves,Intensity and amplitude of a wave,CH-27b,application,application,application,J-PDF p.4 Physics U10; A-PDF p.13–14 Mechanics; N-PDF p.5 Physics U10,required,topic audit pending,candidate: packages/scene-engine/src/compile/wavesGeometry.ts; packages/scene-engine/scripts/verify/verify-waves-operators.ts,Same medium/frequency amplitude ratios; supplied sound intensity,Check I∝A² only under matched model conditions; amplitude alone cannot certify absolute intensity,S0; S2; S3
physics|10|doppler-effect-in-sound,physics|10,Oscillations and Waves,Doppler effect in sound,CH-27c,supplemental,listed,supplemental,J-PDF p.4 Physics U10; A-PDF p.13–14 Mechanics; N-PDF p.5 Physics U10,required,topic audit pending,none,Source and observer approaching/receding; moving medium and sonic limit,Compute sound Doppler signs in the medium frame; restrict to sound and reject an unsupported supersonic denominator,S0; S2; S3; CH-01a; CH-27a; CH-27b
physics|6|universal-law-of-gravitation,physics|6,Gravitation,Universal law of gravitation,CH-28a,listed,listed,listed,J-PDF p.3 Physics U6; A-PDF p.14 Mechanics; N-PDF p.5 Physics U6,required,topic audit pending,candidate: packages/scene-engine/src/compile/gravityGeometry.ts; packages/scene-engine/scripts/verify/verify-gravity-operators.ts,Unequal point masses; attraction and superposed radial vectors,Check F=GMm/r² and equal/opposite pair forces; coincident point sources are invalid,S0; S2; S3
physics|6|gravitational-field-of-sphere-and-shell,physics|6,Gravitation,Gravitational field of a uniform sphere and a spherical shell,CH-28a,application,listed,application,J-PDF p.3 Physics U6; A-PDF p.14 Mechanics; N-PDF p.5 Physics U6,required,topic audit pending,candidate: packages/scene-engine/src/compile/gravityGeometry.ts; packages/scene-engine/scripts/verify/verify-gravity-operators.ts,"Uniform solid sphere and thin shell; interior, boundary and exterior",Verify enclosed-mass field laws and shell interior zero; missing density model cannot certify depth dependence,S0; S2; S3
physics|6|acceleration-due-to-gravity,physics|6,Gravitation,Acceleration due to gravity and its variation with altitude,CH-28a,listed,listed,listed,J-PDF p.3 Physics U6; A-PDF p.14 Mechanics; N-PDF p.5 Physics U6,required,topic audit pending,candidate: packages/scene-engine/src/compile/gravityGeometry.ts; packages/scene-engine/scripts/verify/verify-gravity-operators.ts,"Surface, small altitude approximation and large altitude",Check g(h)=GM/(R+h)² independently; distinguish exact expression from truncated approximation,S0; S2; S3
physics|6|g-variation-with-depth,physics|6,Gravitation,Variation of acceleration due to gravity with depth,CH-28a,listed,application,listed,J-PDF p.3 Physics U6; A-PDF p.14 Mechanics; N-PDF p.5 Physics U6,required,topic audit pending,candidate: packages/scene-engine/src/compile/gravityGeometry.ts; packages/scene-engine/scripts/verify/verify-gravity-operators.ts,"Centre, partial depth and surface for uniform-density Earth",Check g(d)=g0(1-d/R) only under declared model; alternate density profiles must not inherit that law,S0; S2; S3
physics|6|keplers-laws,physics|6,Gravitation,Kepler's laws of planetary motion,CH-28c,listed,listed,listed,J-PDF p.3 Physics U6; A-PDF p.14 Mechanics; N-PDF p.5 Physics U6,required,topic audit pending,none,"Ellipse focus, periapsis/apoapsis and equal-time swept sectors","Verify focus placement, area law and T²∝a³; ellipse geometry alone cannot certify elapsed time",S0; S2; S3; CH-28a
physics|6|gravitational-potential-and-potential-energy,physics|6,Gravitation,Gravitational potential,CH-28a,listed,listed,listed,J-PDF p.3 Physics U6; A-PDF p.14 Mechanics; N-PDF p.5 Physics U6,required,topic audit pending,candidate: packages/scene-engine/src/compile/gravityGeometry.ts; packages/scene-engine/scripts/verify/verify-gravity-operators.ts,Point mass/sphere exterior potential; reference at infinity,Check V=-GM/r and g=-∇V; surface boundary/interior require the stated mass distribution,S0; S2; S3
physics|6|gravitational-potential-energy,physics|6,Gravitation,Gravitational potential energy,CH-28a,listed,listed,listed,J-PDF p.3 Physics U6; A-PDF p.14 Mechanics; N-PDF p.5 Physics U6,required,topic audit pending,candidate: packages/scene-engine/src/compile/gravityGeometry.ts; packages/scene-engine/scripts/verify/verify-gravity-operators.ts,Two-body separation changes and bound states,Check U=-GMm/r and independent work differences; inconsistent zero references reject,S0; S2; S3
physics|6|escape-velocity,physics|6,Gravitation,Escape velocity,CH-28b,listed,listed,listed,J-PDF p.3 Physics U6; A-PDF p.14 Mechanics; N-PDF p.5 Physics U6,required,topic audit pending,none,Surface/altitude escape; atmosphere-free ideal launch,Check vesc²=2GM/r from energy; distinguish escape from circular orbital speed,S0; S3; CH-28a; CH-01c; CH-04b
physics|6|orbital-velocity,physics|6,Gravitation,Orbital velocity of a satellite,CH-28b,listed,listed,listed,J-PDF p.3 Physics U6; A-PDF p.14 Mechanics; N-PDF p.5 Physics U6,required,topic audit pending,none,Circular orbit at different radii and central masses,"Check v²=GM/r and radial acceleration; radius is measured from centre, not altitude",S0; S3; CH-28a; CH-01c; CH-04b
physics|6|satellite-motion-time-period-and-energy,physics|6,Gravitation,Motion of a satellite and time period of a satellite,CH-28b,listed,listed,listed,J-PDF p.3 Physics U6; A-PDF p.14 Mechanics; N-PDF p.5 Physics U6,required,topic audit pending,none,Circular period and orbit radius; altitude conversion,Verify T=2πsqrt(r³/GM); reject negative altitude or time inconsistent with supplied radius,S0; S3; CH-28a; CH-01c; CH-04b
physics|6|satellite-energy,physics|6,Gravitation,Energy of a satellite,CH-28b,listed,listed,listed,J-PDF p.3 Physics U6; A-PDF p.14 Mechanics; N-PDF p.5 Physics U6,required,topic audit pending,none,"Circular kinetic, potential and total energy",Check K=-U/2 and E=-GMm/(2r); plotting an ellipse must not imply a circular energy relation,S0; S3; CH-28a; CH-01c; CH-04b
physics|6|geostationary-satellites,physics|6,Gravitation,Geostationary satellites,CH-28b,application,listed,application,J-PDF p.3 Physics U6; A-PDF p.14 Mechanics; N-PDF p.5 Physics U6,required,topic audit pending,none,Equatorial prograde orbit; sidereal period and inclination,Verify fixed Earth-relative longitude and period; polar or retrograde orbit cannot be geostationary,S0; S3; CH-28a; CH-01c; CH-04b
physics|6|polar-satellites,physics|6,Gravitation,Polar satellites,CH-28b,application,application,application,J-PDF p.3 Physics U6; A-PDF p.14 Mechanics; N-PDF p.5 Physics U6,required,topic audit pending,none,Inclined polar orbit and Earth rotation footprint,Verify plane passes through rotation axis and orbital constraints; geography or ground-track timing needs supplied data,S0; S3; CH-28a; CH-01c; CH-04b
physics|6|weightlessness-in-orbit,physics|6,Gravitation,Weightlessness in orbit,CH-28b,application,application,application,J-PDF p.3 Physics U6; A-PDF p.14 Mechanics; N-PDF p.5 Physics U6,required,topic audit pending,none,Satellite and astronaut co-fall; support reading,Check shared gravitational acceleration and zero normal force; weightlessness does not imply zero gravitational field,S0; S3; CH-28a; CH-01c; CH-04b
physics|1|units-systems-and-si,physics|1,Units and Measurements,Systems of units and SI base units,CH-34a,listed,application,listed,J-PDF p.3 Physics U1; A-PDF p.13 General; N-PDF p.4 Physics U1,text_only,topic audit pending,none,SI base versus derived units; CGS-to-SI examples,Independently enumerate seven base units and convert dimensions; pure unit recall needs a recorded text-only rationale,S0
physics|1|fundamental-derived-and-least-count,physics|1,Units and Measurements,"Derived units, prefixes, and conversion",CH-34a,application,application,listed,J-PDF p.3 Physics U1; A-PDF p.13 General; N-PDF p.4 Physics U1,text_only,topic audit pending,none,milli versus mega; area and volume conversions,Check prefix case and exponentiated conversion factors; reject incompatible dimensions,S0
physics|1|practical-units,physics|1,Units and Measurements,"Practical units (AU, light year, parsec, eV)",CH-34a,application,application,application,J-PDF p.3 Physics U1; A-PDF p.13 General; N-PDF p.4 Physics U1,conditional,topic audit pending,none,AU and light-year length; parsec parallax; eV energy,Check unit definitions and small-angle parsec relation; distinguish energy from distance,S0
physics|1|least-count,physics|1,Units and Measurements,Least count,CH-34c,listed,listed,listed,J-PDF p.3 Physics U1; A-PDF p.13 General; N-PDF p.4 Physics U1,required,topic audit pending,none,Main scale and subsidiary scale; direct versus vernier least count,Compute least count from graduation differences; reject missing pitch or scale divisions,S0; S5
physics|1|accuracy-and-precision,physics|1,Units and Measurements,Accuracy versus precision,CH-34b,application,application,application,J-PDF p.3 Physics U1; A-PDF p.13 General; N-PDF p.4 Physics U1,conditional,topic audit pending,none,Repeated readings with bias versus scatter,Separate mean bias from spread using supplied observations; do not invent data or error bars,S0; S5
physics|1|types-of-errors,physics|1,Units and Measurements,Types of errors,CH-34b,application,application,application,J-PDF p.3 Physics U1; A-PDF p.13 General; N-PDF p.4 Physics U1,conditional,topic audit pending,none,"Systematic, random and gross-error examples",Classify supplied causes independently; a single reading cannot certify a random-error distribution,S0; S5
physics|1|absolute-relative-percentage-error,physics|1,Units and Measurements,"Absolute, relative, and percentage error",CH-34b,application,application,application,J-PDF p.3 Physics U1; A-PDF p.13 General; N-PDF p.4 Physics U1,conditional,topic audit pending,none,Absolute bounds and fractional/percentage uncertainty,Recompute fractional error from nonzero reference value; reject percentage error at zero reference,S0; S5
physics|1|combination-of-errors,physics|1,Units and Measurements,Combination of errors,CH-34b,application,application,application,J-PDF p.3 Physics U1; A-PDF p.13 General; N-PDF p.4 Physics U1,conditional,topic audit pending,none,Sum/difference absolute bounds; product/power relative bounds,Apply the declared worst-case or statistical rule independently; do not silently mix rules,S0; S5
physics|1|significant-figures-and-errors,physics|1,Units and Measurements,Significant figures and rounding,CH-34a,listed,listed,listed,J-PDF p.3 Physics U1; A-PDF p.13 General; N-PDF p.4 Physics U1,text_only,topic audit pending,none,Trailing zeros; multiplication and addition rounding,Check significant-digit versus decimal-place rules; justify text-only for arithmetic-only sources,S0
physics|1|dimensions,physics|1,Units and Measurements,Dimensions and dimensional formulae,CH-34a,listed,listed,listed,J-PDF p.3 Physics U1; A-PDF p.13 General; N-PDF p.4 Physics U1,text_only,topic audit pending,none,"Force, pressure, energy and charge dimensional formulae",Recompute base-dimension exponents; scalar notation must not substitute a visual quantity,S0
physics|1|dimensional-homogeneity,physics|1,Units and Measurements,Dimensional homogeneity,CH-34a,application,application,application,J-PDF p.3 Physics U1; A-PDF p.13 General; N-PDF p.4 Physics U1,text_only,topic audit pending,none,Candidate equations with additive terms and constants,Compare dimensions term by term; reject dimensionally unequal sums even if numerically equal,S0
physics|1|dimensional-analysis,physics|1,Units and Measurements,Applications of dimensional analysis,CH-34a,listed,listed,listed,J-PDF p.3 Physics U1; A-PDF p.13 General; N-PDF p.4 Physics U1,conditional,topic audit pending,none,Recover exponents for period or force laws,Solve dimension equations independently; coefficient and functional form remain uncertified,S0
physics|1|dimensional-analysis-limitations,physics|1,Units and Measurements,Limitations of dimensional analysis,CH-34a,application,application,application,J-PDF p.3 Physics U1; A-PDF p.13 General; N-PDF p.4 Physics U1,text_only,topic audit pending,none,Dimensionless factors; additive and transcendental dependence,Give counterexamples to dimensional sufficiency; record legitimate text-only rather than manufacture a graph,S0
